title,location,url,startdate,enddate,type,price,solddate
Monet and Friends Alive Bangkok,"Attraction Hall, 6th Floor, ICONSIAM",https://www.ticketmelon.com/liveimpact-event/monetandfriendsalivebangkok,2023-09-22,2024-01-07,VIP Ticket: Come 2,"1,118",
Monet and Friends Alive Bangkok,"Attraction Hall, 6th Floor, ICONSIAM",https://www.ticketmelon.com/liveimpact-event/monetandfriendsalivebangkok,2023-09-22,2024-01-07,General Ticket: Come 2,743,
Monet and Friends Alive Bangkok,"Attraction Hall, 6th Floor, ICONSIAM",https://www.ticketmelon.com/liveimpact-event/monetandfriendsalivebangkok,2023-09-22,2024-01-07,Special Attention Ticket: Come 2,360,
Monet and Friends Alive Bangkok,"Attraction Hall, 6th Floor, ICONSIAM",https://www.ticketmelon.com/liveimpact-event/monetandfriendsalivebangkok,2023-09-22,2024-01-07,VIP Ticket: 5 for 4,954,
Monet and Friends Alive Bangkok,"Attraction Hall, 6th Floor, ICONSIAM",https://www.ticketmelon.com/liveimpact-event/monetandfriendsalivebangkok,2023-09-22,2024-01-07,General Ticket: 5 for 4,637,
Monet and Friends Alive Bangkok,"Attraction Hall, 6th Floor, ICONSIAM",https://www.ticketmelon.com/liveimpact-event/monetandfriendsalivebangkok,2023-09-22,2024-01-07,Special Attention Ticket: 5 for 4,307,
Monet and Friends Alive Bangkok,"Attraction Hall, 6th Floor, ICONSIAM",https://www.ticketmelon.com/liveimpact-event/monetandfriendsalivebangkok,2023-09-22,2024-01-07,VIP Ticket,"1,490",
Monet and Friends Alive Bangkok,"Attraction Hall, 6th Floor, ICONSIAM",https://www.ticketmelon.com/liveimpact-event/monetandfriendsalivebangkok,2023-09-22,2024-01-07,General Ticket,990,
Monet and Friends Alive Bangkok,"Attraction Hall, 6th Floor, ICONSIAM",https://www.ticketmelon.com/liveimpact-event/monetandfriendsalivebangkok,2023-09-22,2024-01-07,Special Attention Ticket,480,
Monet and Friends Alive Bangkok,"Attraction Hall, 6th Floor, ICONSIAM",https://www.ticketmelon.com/liveimpact-event/monetandfriendsalivebangkok,2023-09-22,2024-01-07,ACRYLIC PAINTING WORDSHOP,990,
Monet and Friends Alive Bangkok,"Attraction Hall, 6th Floor, ICONSIAM",https://www.ticketmelon.com/liveimpact-event/monetandfriendsalivebangkok,2023-09-22,2024-01-07,ART ON VASE CASE,"1,290",
Enchanted Flora Park,Flora Park,https://www.ticketmelon.com/florapark/enchantedflorapark,2023-11-01,2024-02-29,Regular Ticket 1 Day Pass,250,
Enchanted Flora Park,Flora Park,https://www.ticketmelon.com/florapark/enchantedflorapark,2023-11-01,2024-02-29,Happy Together 5,999,
Enchanted Flora Park,Flora Park,https://www.ticketmelon.com/florapark/enchantedflorapark,2023-11-01,2024-02-29,Unlimited Pass,759,
Enchanted Flora Park,Flora Park,https://www.ticketmelon.com/florapark/enchantedflorapark,2023-11-01,2024-02-29,Regular Ticket 1 Day Pass,250,
Enchanted Flora Park,Flora Park,https://www.ticketmelon.com/florapark/enchantedflorapark,2023-11-01,2024-02-29,Happy Together 5,999,
Enchanted Flora Park,Flora Park,https://www.ticketmelon.com/florapark/enchantedflorapark,2023-11-01,2024-02-29,Unlimited Pass,759,
The Backyard 168: Back to the 90's Campfire Party,"The Backyard 168, Khao Yai",https://www.ticketmelon.com/thebackyard168/the-backyard-168-back-to-the-90s-campfire-party,2023-12-01,2024-02-25,,,
GOODMOOD,Sermsuk Warehouse,https://www.ticketmelon.com/goodhood/goodmood,2023-12-02,2023-12-17,2 DEC: GOODMOOD,390,Sales Ended
GOODMOOD,Sermsuk Warehouse,https://www.ticketmelon.com/goodhood/goodmood,2023-12-02,2023-12-17,3 DEC: GOODMOOD,390,Sales Ended
GOODMOOD,Sermsuk Warehouse,https://www.ticketmelon.com/goodhood/goodmood,2023-12-02,2023-12-17,4 DEC: GOODMOOD,390,Sales Ended
GOODMOOD,Sermsuk Warehouse,https://www.ticketmelon.com/goodhood/goodmood,2023-12-02,2023-12-17,8 DEC: GOODMOOD,390,Sales Ended
GOODMOOD,Sermsuk Warehouse,https://www.ticketmelon.com/goodhood/goodmood,2023-12-02,2023-12-17,9 DEC: GOODMOOD,390,Sales Ended
GOODMOOD,Sermsuk Warehouse,https://www.ticketmelon.com/goodhood/goodmood,2023-12-02,2023-12-17,10 DEC: GOODMOOD,390,Sales Ended
GOODMOOD,Sermsuk Warehouse,https://www.ticketmelon.com/goodhood/goodmood,2023-12-02,2023-12-17,11 DEC: GOODMOOD,390,Sales Ended
GOODMOOD,Sermsuk Warehouse,https://www.ticketmelon.com/goodhood/goodmood,2023-12-02,2023-12-17,15 DEC: GOODMOOD,390,Sales Ended
GOODMOOD,Sermsuk Warehouse,https://www.ticketmelon.com/goodhood/goodmood,2023-12-02,2023-12-17,16 DEC: GOODMOOD,390,
GOODMOOD,Sermsuk Warehouse,https://www.ticketmelon.com/goodhood/goodmood,2023-12-02,2023-12-17,17 DEC: GOODMOOD,390,
GOODMOOD,Sermsuk Warehouse,https://www.ticketmelon.com/goodhood/goodmood,2023-12-02,2023-12-17,[BUNDLE] 2 DEC: GOODMOOD & GOODFOOD,490,Sales Ended
GOODMOOD,Sermsuk Warehouse,https://www.ticketmelon.com/goodhood/goodmood,2023-12-02,2023-12-17,[BUNDLE] 3 DEC: GOODMOOD & GOODFOOD,490,Sales Ended
GOODMOOD,Sermsuk Warehouse,https://www.ticketmelon.com/goodhood/goodmood,2023-12-02,2023-12-17,[BUNDLE] 4 DEC: GOODMOOD & GOODFOOD,490,Sales Ended
GOODMOOD,Sermsuk Warehouse,https://www.ticketmelon.com/goodhood/goodmood,2023-12-02,2023-12-17,[BUNDLE] 8 DEC: GOODMOOD & GOODHOOD,490,Sales Ended
GOODMOOD,Sermsuk Warehouse,https://www.ticketmelon.com/goodhood/goodmood,2023-12-02,2023-12-17,[BUNDLE] 9 DEC: GOODMOOD & GOODHOOD,490,Sales Ended
GOODMOOD,Sermsuk Warehouse,https://www.ticketmelon.com/goodhood/goodmood,2023-12-02,2023-12-17,[BUNDLE] 10 DEC: GOODMOOD & GOODHOOD,490,Sales Ended
GOODMOOD,Sermsuk Warehouse,https://www.ticketmelon.com/goodhood/goodmood,2023-12-02,2023-12-17,[BUNDLE] 11 DEC: GOODMOOD & GOODHOOD,490,Sales Ended
GOODMOOD,Sermsuk Warehouse,https://www.ticketmelon.com/goodhood/goodmood,2023-12-02,2023-12-17,[BUNDLE] 15 DEC: GOODMOOD & GOODHOOD,490,Sales Ended
GOODMOOD,Sermsuk Warehouse,https://www.ticketmelon.com/goodhood/goodmood,2023-12-02,2023-12-17,[BUNDLE] 16 DEC: GOODMOOD & GOODHOOD,490,
GOODMOOD,Sermsuk Warehouse,https://www.ticketmelon.com/goodhood/goodmood,2023-12-02,2023-12-17,[BUNDLE] 17 DEC: GOODMOOD & GOODHOOD,490,
GOODHOOD VOLUME 04,Sermsuk Warehouse,https://www.ticketmelon.com/goodhood/goodhoodvol04,2023-12-08,2023-12-17,Fri 8 Dec 23: Good Hood,200,
GOODHOOD VOLUME 04,Sermsuk Warehouse,https://www.ticketmelon.com/goodhood/goodhoodvol04,2023-12-08,2023-12-17,Sat 9 Dec 23: Good Hood,200,
GOODHOOD VOLUME 04,Sermsuk Warehouse,https://www.ticketmelon.com/goodhood/goodhoodvol04,2023-12-08,2023-12-17,Sun 10 Dec 23: Good Hood,200,
GOODHOOD VOLUME 04,Sermsuk Warehouse,https://www.ticketmelon.com/goodhood/goodhoodvol04,2023-12-08,2023-12-17,Mon 11 Dec 23: Good Hood,200,
GOODHOOD VOLUME 04,Sermsuk Warehouse,https://www.ticketmelon.com/goodhood/goodhoodvol04,2023-12-08,2023-12-17,Fri 15 Dec 23: Good Hood,200,Sales Ended
GOODHOOD VOLUME 04,Sermsuk Warehouse,https://www.ticketmelon.com/goodhood/goodhoodvol04,2023-12-08,2023-12-17,Sat 16 Dec 23: Good Hood,200,Sales Ended
GOODHOOD VOLUME 04,Sermsuk Warehouse,https://www.ticketmelon.com/goodhood/goodhoodvol04,2023-12-08,2023-12-17,Sun 17 Dec 23: Good Hood,200,
Best Comedy Show On Khaosan - Davidson Boswell,The Comedy Joint Khaosan,https://www.ticketmelon.com/bangkokcomedyclub/best-comedy-show-on-khaosan-davidson-boswell,2023-12-10,2023-12-27,10 Dec 2023,500,Sales Ended
Best Comedy Show On Khaosan - Davidson Boswell,The Comedy Joint Khaosan,https://www.ticketmelon.com/bangkokcomedyclub/best-comedy-show-on-khaosan-davidson-boswell,2023-12-10,2023-12-27,12 Dec 2023,500,Sales Ended
Best Comedy Show On Khaosan - Davidson Boswell,The Comedy Joint Khaosan,https://www.ticketmelon.com/bangkokcomedyclub/best-comedy-show-on-khaosan-davidson-boswell,2023-12-10,2023-12-27,13 Dec 2023,500,Sales Ended
Best Comedy Show On Khaosan - Davidson Boswell,The Comedy Joint Khaosan,https://www.ticketmelon.com/bangkokcomedyclub/best-comedy-show-on-khaosan-davidson-boswell,2023-12-10,2023-12-27,15 Dec 2023,500,Sales Ended
Best Comedy Show On Khaosan - Davidson Boswell,The Comedy Joint Khaosan,https://www.ticketmelon.com/bangkokcomedyclub/best-comedy-show-on-khaosan-davidson-boswell,2023-12-10,2023-12-27,16 Dec 2023,500,
Best Comedy Show On Khaosan - Davidson Boswell,The Comedy Joint Khaosan,https://www.ticketmelon.com/bangkokcomedyclub/best-comedy-show-on-khaosan-davidson-boswell,2023-12-10,2023-12-27,17 Dec 2023,500,
Best Comedy Show On Khaosan - Davidson Boswell,The Comedy Joint Khaosan,https://www.ticketmelon.com/bangkokcomedyclub/best-comedy-show-on-khaosan-davidson-boswell,2023-12-10,2023-12-27,19 Dec 2023,500,
Best Comedy Show On Khaosan - Davidson Boswell,The Comedy Joint Khaosan,https://www.ticketmelon.com/bangkokcomedyclub/best-comedy-show-on-khaosan-davidson-boswell,2023-12-10,2023-12-27,20 Dec 2023,500,
Best Comedy Show On Khaosan - Davidson Boswell,The Comedy Joint Khaosan,https://www.ticketmelon.com/bangkokcomedyclub/best-comedy-show-on-khaosan-davidson-boswell,2023-12-10,2023-12-27,22 Dec 2023,500,
Best Comedy Show On Khaosan - Davidson Boswell,The Comedy Joint Khaosan,https://www.ticketmelon.com/bangkokcomedyclub/best-comedy-show-on-khaosan-davidson-boswell,2023-12-10,2023-12-27,23 Dec 2023,500,
Best Comedy Show On Khaosan - Davidson Boswell,The Comedy Joint Khaosan,https://www.ticketmelon.com/bangkokcomedyclub/best-comedy-show-on-khaosan-davidson-boswell,2023-12-10,2023-12-27,24 Dec 2023,500,
Best Comedy Show On Khaosan - Davidson Boswell,The Comedy Joint Khaosan,https://www.ticketmelon.com/bangkokcomedyclub/best-comedy-show-on-khaosan-davidson-boswell,2023-12-10,2023-12-27,26 Dec 2023,500,
Best Comedy Show On Khaosan - Davidson Boswell,The Comedy Joint Khaosan,https://www.ticketmelon.com/bangkokcomedyclub/best-comedy-show-on-khaosan-davidson-boswell,2023-12-10,2023-12-27,27 Dec 2023,500,
NuNew 2nd Single Nu Meow Official Goods,Photobook Delivery,https://www.ticketmelon.com/mandeework/nunew2ndsinglenumeow,2023-12-12,2024-01-12,Eh! Box Ver.,"1,490",
NuNew 2nd Single Nu Meow Official Goods,Photobook Delivery,https://www.ticketmelon.com/mandeework/nunew2ndsinglenumeow,2023-12-12,2024-01-12,Mini Eh! Ver.,790,
NuNew 2nd Single Nu Meow Official Goods,Photobook Delivery,https://www.ticketmelon.com/mandeework/nunew2ndsinglenumeow,2023-12-12,2024-01-12,Nu Meow Card Set,390,
Wonderfruit 2023 x Polygon,Wonderfruit,https://www.ticketmelon.com/wdfxpolygon/wf23polygon,2023-12-14,2023-12-18,,,
Wonderfruit 2023,"The Fields at Siam Country Club, Pattaya, Thailand.",https://www.ticketmelon.com/wonderfruit/wf2023,2023-12-14,2023-12-18,PARKING SPACE,250,
Wonderfruit 2023,"The Fields at Siam Country Club, Pattaya, Thailand.",https://www.ticketmelon.com/wonderfruit/wf2023,2023-12-14,2023-12-18,PARKING SPACE [20% OFF],200,
Skyline Film Bangkok ‡∏î‡∏π‡∏´‡∏ô‡∏±‡∏á‡∏ö‡∏ô‡∏î‡∏≤‡∏î‡∏ü‡πâ‡∏≤,River City Bangkok,https://www.ticketmelon.com/skylinefilmbkk/december,2023-12-15,2023-12-17,‡∏ß‡∏±‡∏ô‡∏®‡∏∏‡∏Å‡∏£‡πå‡∏ó‡∏µ‡πà 15 ‡∏ò‡∏±‡∏ô‡∏ß‡∏≤‡∏Ñ‡∏° 2566 About Time (‡πÄ‡∏ß‡∏•‡∏≤ 19.30 ‡∏ô. ‡πÄ‡∏ß‡∏•‡∏≤‡∏´‡∏ô‡∏±‡∏á 2 ‡∏ä‡∏°. 30 ‡∏ô‡∏≤‡∏ó‡∏µ),450,2023-12-16
Skyline Film Bangkok ‡∏î‡∏π‡∏´‡∏ô‡∏±‡∏á‡∏ö‡∏ô‡∏î‡∏≤‡∏î‡∏ü‡πâ‡∏≤,River City Bangkok,https://www.ticketmelon.com/skylinefilmbkk/december,2023-12-15,2023-12-17,‡∏ß‡∏±‡∏ô‡πÄ‡∏™‡∏≤‡∏£‡πå‡∏ó‡∏µ‡πà 16 ‡∏ò‡∏±‡∏ô‡∏ß‡∏≤‡∏Ñ‡∏° 2566  Before Sunrise (‡πÄ‡∏ß‡∏•‡∏≤ 17.00 ‡∏ô. ‡πÄ‡∏ß‡∏•‡∏≤‡∏´‡∏ô‡∏±‡∏á 1 ‡∏ä‡∏°. 45 ‡∏ô‡∏≤‡∏ó‡∏µ),450,2023-12-16
Skyline Film Bangkok ‡∏î‡∏π‡∏´‡∏ô‡∏±‡∏á‡∏ö‡∏ô‡∏î‡∏≤‡∏î‡∏ü‡πâ‡∏≤,River City Bangkok,https://www.ticketmelon.com/skylinefilmbkk/december,2023-12-15,2023-12-17,‡∏ß‡∏±‡∏ô‡πÄ‡∏™‡∏≤‡∏£‡πå‡∏ó‡∏µ‡πà 16 ‡∏ò‡∏±‡∏ô‡∏ß‡∏≤‡∏Ñ‡∏° 2566 You‚Äôve got mail (‡πÄ‡∏ß‡∏•‡∏≤ 20.00 ‡∏ô. ‡πÄ‡∏ß‡∏•‡∏≤‡∏´‡∏ô‡∏±‡∏á 1 ‡∏ä‡∏°. 59 ‡∏ô‡∏≤‡∏ó‡∏µ),450,2023-12-16
Skyline Film Bangkok ‡∏î‡∏π‡∏´‡∏ô‡∏±‡∏á‡∏ö‡∏ô‡∏î‡∏≤‡∏î‡∏ü‡πâ‡∏≤,River City Bangkok,https://www.ticketmelon.com/skylinefilmbkk/december,2023-12-15,2023-12-17,‡∏ß‡∏±‡∏ô‡∏≠‡∏≤‡∏ó‡∏¥‡∏ï‡∏¢‡πå‡∏ó‡∏µ‡πà 17 ‡∏ò‡∏±‡∏ô‡∏ß‡∏≤‡∏Ñ‡∏° 2566   Love Actually  (‡πÄ‡∏ß‡∏•‡∏≤ 17.00 ‡∏ô. ‡πÄ‡∏ß‡∏•‡∏≤‡∏´‡∏ô‡∏±‡∏á 2 ‡∏ä‡∏°. 9 ‡∏ô‡∏≤‡∏ó‡∏µ),450,2023-12-16
Skyline Film Bangkok ‡∏î‡∏π‡∏´‡∏ô‡∏±‡∏á‡∏ö‡∏ô‡∏î‡∏≤‡∏î‡∏ü‡πâ‡∏≤,River City Bangkok,https://www.ticketmelon.com/skylinefilmbkk/december,2023-12-15,2023-12-17,‡∏ß‡∏±‡∏ô‡∏≠‡∏≤‡∏ó‡∏¥‡∏ï‡∏¢‡πå‡∏ó‡∏µ‡πà 17 ‡∏ò‡∏±‡∏ô‡∏ß‡∏≤‡∏Ñ‡∏° 2566   Notting Hill  (‡πÄ‡∏ß‡∏•‡∏≤ 20.20 ‡∏ô. ‡πÄ‡∏ß‡∏•‡∏≤‡∏´‡∏ô‡∏±‡∏á 2 ‡∏ä‡∏°. 4 ‡∏ô‡∏≤‡∏ó‡∏µ),450,2023-12-16
HI-QUEER,AVVE,https://www.ticketmelon.com/ellaheles/hiqueer,2023-12-15,2023-12-17,presale 2 days,600,Sales Ended
Queendom Fest,Lalaport BBCC,https://www.ticketmelon.com/mme/queendomfest-info,2023-12-16,2023-12-16,Early Bird,118,Sales Ended
Queendom Fest,Lalaport BBCC,https://www.ticketmelon.com/mme/queendomfest-info,2023-12-16,2023-12-16,General Admission,138,Sales Ended
Queendom Fest,Lalaport BBCC,https://www.ticketmelon.com/mme/queendomfest-info,2023-12-16,2023-12-16,Go Kart Bundle,178,Sales Ended
Queendom Fest,Lalaport BBCC,https://www.ticketmelon.com/mme/queendomfest-info,2023-12-16,2023-12-16,11.11 Promo,103.5,Sales Ended
Queendom Fest,Lalaport BBCC,https://www.ticketmelon.com/mme/queendomfest-info,2023-12-16,2023-12-16,Group Bundle,128,Sales Ended
2023 Agila Music Fest,Amoranto Stadium,https://www.ticketmelon.com/magkunoeaglesclub/agilamusicfest2023,2023-12-16,2023-12-16,General Admission,500,
Wetwood Pool Party,"Ayu Awana Resort, Genting Highlands",https://www.ticketmelon.com/deadwoodpartylab/wetwoodpoolparty,2023-12-16,2023-12-16,PRE SALE,100,
KIDS KONFERENCE Screening at theCOMMONS' Sunset Film Club,theCOMMONS Thonglor,https://www.ticketmelon.com/thecommonsthonglor/sunset-film-club-dec-16,2023-12-16,2023-12-16,Ticket + Poppa's Popcorn & Drink,350,Sales Ended
Blueprint Livehouse: Solitude is Bliss,Blueprint Livehous,https://www.ticketmelon.com/blueprint/sib,2023-12-16,2023-12-16,Standing Ticket,450,2023-12-16
YspaceConcert ‡∏ï‡∏≠‡∏ô‡∏£‡∏±‡∏Å‡πÄ‡∏ò‡∏≠‡πÄ‡∏ó‡πà‡∏≤‡∏à‡∏±‡∏Å‡∏£‡∏ß‡∏≤‡∏•,‡πÇ‡∏£‡∏á‡∏•‡∏∞‡∏Ñ‡∏£‡πÄ‡∏Ñ‡πÅ‡∏ö‡∏á‡∏Å‡πå‡∏™‡∏¢‡∏≤‡∏°‡∏û‡∏¥‡∏Ü‡πÄ‡∏ô‡∏®,https://www.ticketmelon.com/mplay/yspaceconcert,2023-12-17,2023-12-17,,,
Marine life Handmade Rubber Stamp Workshop by Handigraph,Saratta Space,https://www.ticketmelon.com/sarattaspace/marine-life-handmade-rubber-stamp,2023-12-17,2023-12-17,Single,"2,200",
Marine life Handmade Rubber Stamp Workshop by Handigraph,Saratta Space,https://www.ticketmelon.com/sarattaspace/marine-life-handmade-rubber-stamp,2023-12-17,2023-12-17,Buddy,"3,900",
Budi & Buddies Birthday Bash,1-Altitude Melaka,https://www.ticketmelon.com/budi/birthdaybash,2023-12-17,2023-12-17,Single Entry,70,
Budi & Buddies Birthday Bash,1-Altitude Melaka,https://www.ticketmelon.com/budi/birthdaybash,2023-12-17,2023-12-17,Double Entry,120,
Handel's Messiah 2023,"Thailand Cultural Centre, Main Hall",https://www.ticketmelon.com/bangkokcombinedchoir1954/bccomessiah2023,2023-12-17,2023-12-17,Regular Seat,Free,2023-12-16
Handel's Messiah 2023,"Thailand Cultural Centre, Main Hall",https://www.ticketmelon.com/bangkokcombinedchoir1954/bccomessiah2023,2023-12-17,2023-12-17,Sample Tickets,Free,2023-12-16
Blueprint Livehouse: Solitude is Bliss (2nd Show),Blueprint Livehouse,https://www.ticketmelon.com/blueprint/sib2,2023-12-18,2023-12-18,Standing Ticket,450,2023-12-16
DR.FUU ‡∏ì ‡∏ö‡πâ‡∏≤‡∏ô‡πÄ‡∏û‡∏∑‡πà‡∏≠‡∏ô‡∏ö‡∏≤‡∏á‡πÅ‡∏™‡∏ô,‡∏ö‡πâ‡∏≤‡∏ô‡πÄ‡∏û‡∏∑‡πà‡∏≠‡∏ô‡∏ö‡∏≤‡∏á‡πÅ‡∏™‡∏ô,https://www.ticketmelon.com/banpuen/drfuu-2023,2023-12-19,2023-12-19,VVIP,"4,200",2023-12-16
DR.FUU ‡∏ì ‡∏ö‡πâ‡∏≤‡∏ô‡πÄ‡∏û‡∏∑‡πà‡∏≠‡∏ô‡∏ö‡∏≤‡∏á‡πÅ‡∏™‡∏ô,‡∏ö‡πâ‡∏≤‡∏ô‡πÄ‡∏û‡∏∑‡πà‡∏≠‡∏ô‡∏ö‡∏≤‡∏á‡πÅ‡∏™‡∏ô,https://www.ticketmelon.com/banpuen/drfuu-2023,2023-12-19,2023-12-19,VIP,"2,200",2023-12-16
DR.FUU ‡∏ì ‡∏ö‡πâ‡∏≤‡∏ô‡πÄ‡∏û‡∏∑‡πà‡∏≠‡∏ô‡∏ö‡∏≤‡∏á‡πÅ‡∏™‡∏ô,‡∏ö‡πâ‡∏≤‡∏ô‡πÄ‡∏û‡∏∑‡πà‡∏≠‡∏ô‡∏ö‡∏≤‡∏á‡πÅ‡∏™‡∏ô,https://www.ticketmelon.com/banpuen/drfuu-2023,2023-12-19,2023-12-19,NORMAL,600,
Blueprint Livehouse: Slur + The Jukks,Blueprint Livehouse,https://www.ticketmelon.com/blueprint/slurjuk,2023-12-20,2023-12-20,Standing Ticket,450,
Blueprint Livehouse: Summer Dress + Hariguem Zaboy,Blueprint Livehouse,https://www.ticketmelon.com/blueprint/sumboy,2023-12-21,2023-12-21,Standing Ticket,350,
"Veshalka / Dill Pickles, Activ8, T1000, Named, Ram, Justie, Puppss",A Blanket And A Pillow,https://www.ticketmelon.com/no-more-snow/dill-pickles,2023-12-22,2023-12-22,Early Bird (-60% OFF),200,
LIDO LIVEHOUSE presented by Jameson Connects 'Zweed n' Roll & Laika',Lido Connect,https://www.ticketmelon.com/lido-livehouse/llhdec23,2023-12-22,2023-12-22,Standing Ticket [22 Dec],600,
K. Aglet + Dieout + Sumdong + Chonburi Flow,Blueprint Livehouse,https://www.ticketmelon.com/blueprint/k-aglet-dieout-sumdong-chonburi-flow,2023-12-22,2023-12-22,Standing Ticket,300,
TIME EVENT TH,Sermsuk Warehouse,https://www.ticketmelon.com/timeevent/timepresentxmasmarket2023,2023-12-22,2023-12-24,GROUP OF 4 - 22 DEC 2023,263,Sales Ended
TIME EVENT TH,Sermsuk Warehouse,https://www.ticketmelon.com/timeevent/timepresentxmasmarket2023,2023-12-22,2023-12-24,GROUP OF 4 - 23 DEC 2023,263,Sales Ended
TIME EVENT TH,Sermsuk Warehouse,https://www.ticketmelon.com/timeevent/timepresentxmasmarket2023,2023-12-22,2023-12-24,GROUP OF 4 - 24 DEC 2023,263,Sales Ended
TIME EVENT TH,Sermsuk Warehouse,https://www.ticketmelon.com/timeevent/timepresentxmasmarket2023,2023-12-22,2023-12-24,GROUP OF 4 - UNDER 20: 22 DEC 2023,263,Sales Ended
TIME EVENT TH,Sermsuk Warehouse,https://www.ticketmelon.com/timeevent/timepresentxmasmarket2023,2023-12-22,2023-12-24,GROUP OF 4 - UNDER 20: 23 DEC 2023,263,Sales Ended
TIME EVENT TH,Sermsuk Warehouse,https://www.ticketmelon.com/timeevent/timepresentxmasmarket2023,2023-12-22,2023-12-24,GROUP OF 4 - UNDER 20: 24 DEC 2023,263,Sales Ended
TIME EVENT TH,Sermsuk Warehouse,https://www.ticketmelon.com/timeevent/timepresentxmasmarket2023,2023-12-22,2023-12-24,22 DEC 2023,350,
TIME EVENT TH,Sermsuk Warehouse,https://www.ticketmelon.com/timeevent/timepresentxmasmarket2023,2023-12-22,2023-12-24,23 DEC 2023,350,
TIME EVENT TH,Sermsuk Warehouse,https://www.ticketmelon.com/timeevent/timepresentxmasmarket2023,2023-12-22,2023-12-24,24 DEC 2023,350,
TIME EVENT TH,Sermsuk Warehouse,https://www.ticketmelon.com/timeevent/timepresentxmasmarket2023,2023-12-22,2023-12-24,UNDER 20: 22 DEC 2023,350,
TIME EVENT TH,Sermsuk Warehouse,https://www.ticketmelon.com/timeevent/timepresentxmasmarket2023,2023-12-22,2023-12-24,UNDER 20: 23 DEC 2023,350,
TIME EVENT TH,Sermsuk Warehouse,https://www.ticketmelon.com/timeevent/timepresentxmasmarket2023,2023-12-22,2023-12-24,UNDER 20: 24 DEC 2023,350,
BossNoeul Private Christmas Party,"SUN & MOON, Riverside Hotel, Phnom Penh, Cambodia",https://www.ticketmelon.com/acti90/bossnoeulchristmas-party,2023-12-23,2023-12-23,VIP,"10,150",
BossNoeul Private Christmas Party,"SUN & MOON, Riverside Hotel, Phnom Penh, Cambodia",https://www.ticketmelon.com/acti90/bossnoeulchristmas-party,2023-12-23,2023-12-23,Zone A,"5,250",
BossNoeul Private Christmas Party,"SUN & MOON, Riverside Hotel, Phnom Penh, Cambodia",https://www.ticketmelon.com/acti90/bossnoeulchristmas-party,2023-12-23,2023-12-23,Zone B,"2,100",
Brushes & Bottles: A Creative Paint and Vino Experience,ASAI Bangkok Chinatown,https://www.ticketmelon.com/asaihotels/brushesandbottles,2023-12-23,2023-12-23,Brushes & Bottles: Early Bird Ticket,899,
Brushes & Bottles: A Creative Paint and Vino Experience,ASAI Bangkok Chinatown,https://www.ticketmelon.com/asaihotels/brushesandbottles,2023-12-23,2023-12-23,Brushes & Bottles: General Ticket,999,
Brushes & Bottles: A Creative Paint and Vino Experience,ASAI Bangkok Chinatown,https://www.ticketmelon.com/asaihotels/brushesandbottles,2023-12-23,2023-12-23,Brushes & Bottles: Free Flow Ticket,"1,399",
SIAM INFERNO METALFEST 2023,Mr Fox Livehouse ,https://www.ticketmelon.com/loudlyprefer/siam-inferno-metalfest-2023,2023-12-23,2023-12-23,Early bird,666,
SIAM INFERNO METALFEST 2023,Mr Fox Livehouse ,https://www.ticketmelon.com/loudlyprefer/siam-inferno-metalfest-2023,2023-12-23,2023-12-23,Early bird,666,
HOME ALONE Screening at theCOMMONS' Sunset Film Club,theCOMMONS Thonglor,https://www.ticketmelon.com/thecommonsthonglor/sunset-film-club-dec-23,2023-12-23,2023-12-23,Ticket + Poppa's Popcorn & Drink,350,2023-12-16
Kardinal presents: Cherry Bomb by Good Night KL,REX KL,https://www.ticketmelon.com/goodnightkl/cherrybomb3,2023-12-23,2023-12-23,EARLY BIRD,35,
Kardinal presents: Cherry Bomb by Good Night KL,REX KL,https://www.ticketmelon.com/goodnightkl/cherrybomb3,2023-12-23,2023-12-23,PRE SALE,50,
RIOTNOX WHITE CHRISTMAS ,DECOMMUNE,https://www.ticketmelon.com/riotnox/whitechristmas,2023-12-23,2023-12-23,COMMUNITY,300,Sales Ended
RIOTNOX WHITE CHRISTMAS ,DECOMMUNE,https://www.ticketmelon.com/riotnox/whitechristmas,2023-12-23,2023-12-23,EARLY BIRD,400,Sales Ended
RIOTNOX WHITE CHRISTMAS ,DECOMMUNE,https://www.ticketmelon.com/riotnox/whitechristmas,2023-12-23,2023-12-23,REGULAR,600,
TLT Presents Liquid Soul,Amnesia,https://www.ticketmelon.com/tlt/liquidsoul,2023-12-23,2023-12-23,General Entrance - Early Bird,650,
TLT Presents Liquid Soul,Amnesia,https://www.ticketmelon.com/tlt/liquidsoul,2023-12-23,2023-12-23,General Entrance - Phase 1,750,
TLT Presents Liquid Soul,Amnesia,https://www.ticketmelon.com/tlt/liquidsoul,2023-12-23,2023-12-23,General Entrance - Phase 2,850,
TLT Presents Liquid Soul,Amnesia,https://www.ticketmelon.com/tlt/liquidsoul,2023-12-23,2023-12-23,General Entrance - At Door,"1,000",
EDM Addicts Take Over EP19 Presents Wiwek At Spaceplus Bangkok,Spaceplus Bangkok,https://www.ticketmelon.com/edmaddicts/wiwek-spaceplus,2023-12-23,2023-12-23,Entrance Ticket,"1,000",
EDM Addicts Take Over EP19 Presents Wiwek At Spaceplus Bangkok,Spaceplus Bangkok,https://www.ticketmelon.com/edmaddicts/wiwek-spaceplus,2023-12-23,2023-12-23,Standing Table,"6,000",
EDM Addicts Take Over EP19 Presents Wiwek At Spaceplus Bangkok,Spaceplus Bangkok,https://www.ticketmelon.com/edmaddicts/wiwek-spaceplus,2023-12-23,2023-12-23,VIP Table,"30,800",
"PSYCHIC FEVER LIVE 2023 ""P.C.F"" IN THAILAND",LIDO CONNECT HALL 2,https://www.ticketmelon.com/high-cloud/pcfliveth,2023-12-24,2023-12-24,,,
Siam Sinfonietta‚Äôs Holiday Concert,Banyan Tree - Grand Ballroom,https://www.ticketmelon.com/operasiam/xmas2023,2023-12-24,2023-12-24,Ticket 900 THB,900,
EDM Addicts Take Over Presents Differ Club's 19th Anniversary with Wiwek,Differ Club,https://www.ticketmelon.com/edmaddicts/wiwek-differ,2023-12-24,2023-12-24,Entrance Ticket,400,
PSYCHIC FEVER FAN EVENT 2023 IN THAILAND ~PsyFe Christmas Night~,LIDO CONNECT HALL 2,https://www.ticketmelon.com/high-cloud/psyfechristmasnight,2023-12-24,2023-12-24,ALL STANDING,"1,500",
Moon Mountain X'mas Edition 2023,‡πÅ‡∏û‡∏ß‡∏±‡∏ô‡∏ß‡∏≤‡∏ô,https://www.ticketmelon.com/moonmountain/regularticket2023,2023-12-24,2023-12-26,Ticket To The Moon Regular Price,"3,500",
Moon Mountain X'mas 2023,‡πÅ‡∏û‡∏ß‡∏±‡∏ô‡∏ß‡∏≤‡∏ô,https://www.ticketmelon.com/moonmountain/moonmountain2023,2023-12-24,2023-12-26,Ticket To The Moon Early Bird,"3,000",
XTC presents S√©xstasy ,Decommune,https://www.ticketmelon.com/xtcbkk/sexstasy,2023-12-25,2023-12-25,Early bird,400,
XTC presents S√©xstasy ,Decommune,https://www.ticketmelon.com/xtcbkk/sexstasy,2023-12-25,2023-12-25,Regular,600,
AN INTIMATE ACOUSTIC NIGHT WITH‚Äã  YOKEE PLAYBOY,Siwilai Sound Club,https://www.ticketmelon.com/siwilaisoundclub/an-intimate-acoustic-night-with--yokee-playboy,2023-12-27,2023-12-27,Early Bird Ticket,700,
Greasy Cafe ‡∏ì ‡∏ö‡πâ‡∏≤‡∏ô‡πÄ‡∏û‡∏∑‡πà‡∏≠‡∏ô‡∏ö‡∏≤‡∏á‡πÅ‡∏™‡∏ô,‡∏ö‡πâ‡∏≤‡∏ô‡πÄ‡∏û‡∏∑‡πà‡∏≠‡∏ô‡∏ö‡∏≤‡∏á‡πÅ‡∏™‡∏ô,https://www.ticketmelon.com/banpuen/greasy-2023,2023-12-28,2023-12-28,VVIP,"4,000",
Greasy Cafe ‡∏ì ‡∏ö‡πâ‡∏≤‡∏ô‡πÄ‡∏û‡∏∑‡πà‡∏≠‡∏ô‡∏ö‡∏≤‡∏á‡πÅ‡∏™‡∏ô,‡∏ö‡πâ‡∏≤‡∏ô‡πÄ‡∏û‡∏∑‡πà‡∏≠‡∏ô‡∏ö‡∏≤‡∏á‡πÅ‡∏™‡∏ô,https://www.ticketmelon.com/banpuen/greasy-2023,2023-12-28,2023-12-28,VIP,"2,200",
Greasy Cafe ‡∏ì ‡∏ö‡πâ‡∏≤‡∏ô‡πÄ‡∏û‡∏∑‡πà‡∏≠‡∏ô‡∏ö‡∏≤‡∏á‡πÅ‡∏™‡∏ô,‡∏ö‡πâ‡∏≤‡∏ô‡πÄ‡∏û‡∏∑‡πà‡∏≠‡∏ô‡∏ö‡∏≤‡∏á‡πÅ‡∏™‡∏ô,https://www.ticketmelon.com/banpuen/greasy-2023,2023-12-28,2023-12-28,NORMAL,800,
Pitt Club KL pres. Nicky Romero,Pitt Club KL,https://www.ticketmelon.com/pittclub/nickyromero2023,2023-12-28,2023-12-28,Early Bird,118,
Pitt Club KL pres. Nicky Romero,Pitt Club KL,https://www.ticketmelon.com/pittclub/nickyromero2023,2023-12-28,2023-12-28,General Admission,128,
Harvest Moon Music Camp #3,Daidib Daidee,https://www.ticketmelon.com/daidibdaidee/harvestmooon3,2023-12-29,2023-12-29,early buffalo,500,2023-12-16
Harvest Moon Music Camp #3,Daidib Daidee,https://www.ticketmelon.com/daidibdaidee/harvestmooon3,2023-12-29,2023-12-29,normal price,650,
Middleman's 1st Love Final EP,‡πÄ‡∏°‡πÄ‡∏à‡∏≠‡∏£‡πå‡∏£‡∏±‡∏ä‡πÇ‡∏¢‡∏ò‡∏¥‡∏ô ‡πÇ‡∏£‡∏á‡∏ó‡∏µ‡πà 14,https://www.ticketmelon.com/mandeework/middlemans-1st-love-final-ep,2023-12-29,2023-12-29,BLUE (Zone A),"2,090",
Middleman's 1st Love Final EP,‡πÄ‡∏°‡πÄ‡∏à‡∏≠‡∏£‡πå‡∏£‡∏±‡∏ä‡πÇ‡∏¢‡∏ò‡∏¥‡∏ô ‡πÇ‡∏£‡∏á‡∏ó‡∏µ‡πà 14,https://www.ticketmelon.com/mandeework/middlemans-1st-love-final-ep,2023-12-29,2023-12-29,YELLOW (Zone B),"1,590",
Venti Nightclub presents: Mastermind ft. Twopee Southside,"Venti Nightclub, 19 23 RCA Alley, Bang Kapi, Huai Khwang, Bangkok 10310",https://www.ticketmelon.com/venticlub/twopee,2023-12-29,2023-12-29,Early bird,500,Sales Ended
Venti Nightclub presents: Mastermind ft. Twopee Southside,"Venti Nightclub, 19 23 RCA Alley, Bang Kapi, Huai Khwang, Bangkok 10310",https://www.ticketmelon.com/venticlub/twopee,2023-12-29,2023-12-29,Regular,600,
NEON COUNTDOWN 2023,Wonder World Extreme Park,https://www.ticketmelon.com/neoncountdown/neoncountdown2023,2023-12-29,2023-12-31,,,
Sol-a-sol Festival,Selina Serenity Rawai,https://www.ticketmelon.com/selinaserenityresortrawaiphuket/sol-a-sol,2023-12-31,2023-12-31,Party Only Pass,"3,000",
Sol-a-sol Festival,Selina Serenity Rawai,https://www.ticketmelon.com/selinaserenityresortrawaiphuket/sol-a-sol,2023-12-31,2023-12-31,Sol-a-sol Full Access,"5,800",
Sol-a-sol Festival,Selina Serenity Rawai,https://www.ticketmelon.com/selinaserenityresortrawaiphuket/sol-a-sol,2023-12-31,2023-12-31,Youth Pass,"2,900",
LOVE ACTUALLY Screening at theCOMMONS' Sunset Film Club,theCOMMONS Thonglor,https://www.ticketmelon.com/thecommonsthonglor/sunset-film-club-dec-31,2023-12-31,2023-12-31,Ticket + Poppa's Popcorn & Drink,350,2023-12-16
The Landing NYE Special,Helipad KL,https://www.ticketmelon.com/jambujambuasia/thelandingnyespecial,2023-12-31,2023-12-31,NYE Special Presale,220,
The Landing NYE Special,Helipad KL,https://www.ticketmelon.com/jambujambuasia/thelandingnyespecial,2023-12-31,2023-12-31,NYE Special General Admission,250,
NEW YEAR‚ÄôS EVE 2024,Wat Worachanyawas,https://www.ticketmelon.com/bangkokisland/newyearseve2024,2023-12-31,2023-12-31,Super Early Bird,"1,500",
NEW YEAR‚ÄôS EVE 2024,Wat Worachanyawas,https://www.ticketmelon.com/bangkokisland/newyearseve2024,2023-12-31,2023-12-31,Early Bird,"2,000",
NEW YEAR‚ÄôS EVE 2024,Wat Worachanyawas,https://www.ticketmelon.com/bangkokisland/newyearseve2024,2023-12-31,2023-12-31,Online Ticket,"2,500",
NEW YEAR‚ÄôS EVE 2024,Wat Worachanyawas,https://www.ticketmelon.com/bangkokisland/newyearseve2024,2023-12-31,2023-12-31,Table Main Deck,"9,500",
NEW YEAR‚ÄôS EVE 2024,Wat Worachanyawas,https://www.ticketmelon.com/bangkokisland/newyearseve2024,2023-12-31,2023-12-31,VIP Table,"12,000",
NEW YEAR‚ÄôS EVE 2024,Wat Worachanyawas,https://www.ticketmelon.com/bangkokisland/newyearseve2024,2023-12-31,2023-12-31,VIP ROOM,"40,000",
NYE GALA 2024 ON THE BEACH at Alexa Beach Club Pattaya,Alexa Beach Club Pattaya ,https://www.ticketmelon.com/alexabeachclubpattaya/nye-gala-2024,2023-12-31,2023-12-31,EARLY BIRD GALA DINNER ADULT,"2,950",
NYE GALA 2024 ON THE BEACH at Alexa Beach Club Pattaya,Alexa Beach Club Pattaya ,https://www.ticketmelon.com/alexabeachclubpattaya/nye-gala-2024,2023-12-31,2023-12-31,EARLY BIRD GALA DINNER KID,800,
NYE GALA 2024 ON THE BEACH at Alexa Beach Club Pattaya,Alexa Beach Club Pattaya ,https://www.ticketmelon.com/alexabeachclubpattaya/nye-gala-2024,2023-12-31,2023-12-31,Early Bird SVVIP Private Zone 18 PAX,"100,000",
NYE GALA 2024 ON THE BEACH at Alexa Beach Club Pattaya,Alexa Beach Club Pattaya ,https://www.ticketmelon.com/alexabeachclubpattaya/nye-gala-2024,2023-12-31,2023-12-31,EARLY BIRD VVIP BEACH DECK 16PAX,"40,000",2023-12-16
NYE GALA 2024 ON THE BEACH at Alexa Beach Club Pattaya,Alexa Beach Club Pattaya ,https://www.ticketmelon.com/alexabeachclubpattaya/nye-gala-2024,2023-12-31,2023-12-31,EARLY BIRD VIP BEACH BED+SOFA 6PAX,"15,000",
NYE GALA 2024 ON THE BEACH at Alexa Beach Club Pattaya,Alexa Beach Club Pattaya ,https://www.ticketmelon.com/alexabeachclubpattaya/nye-gala-2024,2023-12-31,2023-12-31,EARLY BIRD VIP BEACH BED 5PAX,"9,500",
NYE GALA 2024 ON THE BEACH at Alexa Beach Club Pattaya,Alexa Beach Club Pattaya ,https://www.ticketmelon.com/alexabeachclubpattaya/nye-gala-2024,2023-12-31,2023-12-31,EARLY BIRD VIP HIGH TABLE 4PAX,"6,000",
NYE GALA 2024 ON THE BEACH at Alexa Beach Club Pattaya,Alexa Beach Club Pattaya ,https://www.ticketmelon.com/alexabeachclubpattaya/nye-gala-2024,2023-12-31,2023-12-31,EARLY BIRD GENERAL ADMISSION TICKET 1PAX,"1,000",
üåü‚ú® DreamForest 2024: A Magical New Year's Celebration üå≤üéÜ,MoonRock,https://www.ticketmelon.com/moonrock/dreamforestnye,2023-12-31,2023-12-31,Early Bird Ticket,300,
üåü‚ú® DreamForest 2024: A Magical New Year's Celebration üå≤üéÜ,MoonRock,https://www.ticketmelon.com/moonrock/dreamforestnye,2023-12-31,2023-12-31,Standard Ticket,400,
 HOUSE OF DRAGON NEW YEAR EVE PARTY,REDSQUARE ROOFTOP BAR ,https://www.ticketmelon.com/redsquare/-house-of-dragon-new-year-eve-party,2023-12-31,2023-12-31,Epic Dragon Standing,"5,000",
 HOUSE OF DRAGON NEW YEAR EVE PARTY,REDSQUARE ROOFTOP BAR ,https://www.ticketmelon.com/redsquare/-house-of-dragon-new-year-eve-party,2023-12-31,2023-12-31,Mystic Dragons Seating  2,"18,000",
 HOUSE OF DRAGON NEW YEAR EVE PARTY,REDSQUARE ROOFTOP BAR ,https://www.ticketmelon.com/redsquare/-house-of-dragon-new-year-eve-party,2023-12-31,2023-12-31,Golden Dragons Seating 4,"38,000",
 HOUSE OF DRAGON NEW YEAR EVE PARTY,REDSQUARE ROOFTOP BAR ,https://www.ticketmelon.com/redsquare/-house-of-dragon-new-year-eve-party,2023-12-31,2023-12-31,EXTRA SEATING FOR 1,"9,000",
NYE at BEAMCUBE with Eddie Leader,"BEAMCUBE, Mahanakorn Cube",https://www.ticketmelon.com/beamclub/beamcube-nye-eddieleader,2023-12-31,2023-12-31,ONLINE,600,
NYE at BEAMCUBE with Eddie Leader,"BEAMCUBE, Mahanakorn Cube",https://www.ticketmelon.com/beamclub/beamcube-nye-eddieleader,2023-12-31,2023-12-31,AT DOOR TICKETS,800,
RCB NEW YEAR COUNTDOWN 2024,River City Bangkok,https://www.ticketmelon.com/rivercitybangkok/82ece32895c011ee990801117567899b,2023-12-31,2023-12-31,RCB NEW YEAR COUNTDOWN 2024,"1,000",
Studio Adventure: Ph√∫ Qu·ªëc Odyssey NYE 23-24,"Chez Carole Beach Resort, Phu Quoc ",https://www.ticketmelon.com/studioadventurecollective/phuquocodyssey,2023-12-31,2024-01-02,Early Bird - Full Pass,25,2023-12-16
Studio Adventure: Ph√∫ Qu·ªëc Odyssey NYE 23-24,"Chez Carole Beach Resort, Phu Quoc ",https://www.ticketmelon.com/studioadventurecollective/phuquocodyssey,2023-12-31,2024-01-02,Early Bird - Group Package (5 Tickets),19.8,2023-12-16
Studio Adventure: Ph√∫ Qu·ªëc Odyssey NYE 23-24,"Chez Carole Beach Resort, Phu Quoc ",https://www.ticketmelon.com/studioadventurecollective/phuquocodyssey,2023-12-31,2024-01-02,Early Bird - Group Package (10 Tickets),17.2,2023-12-16
Studio Adventure: Ph√∫ Qu·ªëc Odyssey NYE 23-24,"Chez Carole Beach Resort, Phu Quoc ",https://www.ticketmelon.com/studioadventurecollective/phuquocodyssey,2023-12-31,2024-01-02,Standard Entry - Full Pass,31,
Studio Adventure: Ph√∫ Qu·ªëc Odyssey NYE 23-24,"Chez Carole Beach Resort, Phu Quoc ",https://www.ticketmelon.com/studioadventurecollective/phuquocodyssey,2023-12-31,2024-01-02,Standard Entry - Group Package (5 Tickets),25,
Studio Adventure: Ph√∫ Qu·ªëc Odyssey NYE 23-24,"Chez Carole Beach Resort, Phu Quoc ",https://www.ticketmelon.com/studioadventurecollective/phuquocodyssey,2023-12-31,2024-01-02,Standard Entry - Group Package (10 Tickets),22,
Studio Adventure: Ph√∫ Qu·ªëc Odyssey NYE 23-24,"Chez Carole Beach Resort, Phu Quoc ",https://www.ticketmelon.com/studioadventurecollective/phuquocodyssey,2023-12-31,2024-01-02,Superior Triple Bungalow,165,2023-12-16
Studio Adventure: Ph√∫ Qu·ªëc Odyssey NYE 23-24,"Chez Carole Beach Resort, Phu Quoc ",https://www.ticketmelon.com/studioadventurecollective/phuquocodyssey,2023-12-31,2024-01-02,Waterfront Bungalow,185,2023-12-16
Studio Adventure: Ph√∫ Qu·ªëc Odyssey NYE 23-24,"Chez Carole Beach Resort, Phu Quoc ",https://www.ticketmelon.com/studioadventurecollective/phuquocodyssey,2023-12-31,2024-01-02,Last Chance - Full Pass,35,
Studio Adventure: Ph√∫ Qu·ªëc Odyssey NYE 23-24,"Chez Carole Beach Resort, Phu Quoc ",https://www.ticketmelon.com/studioadventurecollective/phuquocodyssey,2023-12-31,2024-01-02,Last Chance - Group Package (5 Tickets),28,
Studio Adventure: Ph√∫ Qu·ªëc Odyssey NYE 23-24,"Chez Carole Beach Resort, Phu Quoc ",https://www.ticketmelon.com/studioadventurecollective/phuquocodyssey,2023-12-31,2024-01-02,Last Chance - Group Package (10 Tickets),25,
THE 33RD  SEOUL MUSIC AWARDS IN BANGKOK,RAJAMANGALA NATIONAL STADIUM,https://www.ticketmelon.com/sma/33rd-smainbkk,2024-01-02,2024-01-02,4800,"4,800",
THE 33RD  SEOUL MUSIC AWARDS IN BANGKOK,RAJAMANGALA NATIONAL STADIUM,https://www.ticketmelon.com/sma/33rd-smainbkk,2024-01-02,2024-01-02,4500,"4,500",
THE 33RD  SEOUL MUSIC AWARDS IN BANGKOK,RAJAMANGALA NATIONAL STADIUM,https://www.ticketmelon.com/sma/33rd-smainbkk,2024-01-02,2024-01-02,3800,"3,800",
THE 33RD  SEOUL MUSIC AWARDS IN BANGKOK,RAJAMANGALA NATIONAL STADIUM,https://www.ticketmelon.com/sma/33rd-smainbkk,2024-01-02,2024-01-02,2800,"2,800",
THE 33RD  SEOUL MUSIC AWARDS IN BANGKOK,RAJAMANGALA NATIONAL STADIUM,https://www.ticketmelon.com/sma/33rd-smainbkk,2024-01-02,2024-01-02,1800,"1,800",2023-12-16
„ÄêShe Her Her Hers Live in Bangkok ‚ÄúDiffusion of Responsibility„Äë,-,https://www.ticketmelon.com/loudlyprefer/she-her-her-hers,2024-01-05,2024-01-05,ADV,"1,000",
„ÄêShe Her Her Hers Live in Bangkok ‚ÄúDiffusion of Responsibility„Äë,-,https://www.ticketmelon.com/loudlyprefer/she-her-her-hers,2024-01-05,2024-01-05,At DOOR,"1,400",
COM‚ÄôZ ‚ÄúTHE LSYG EXPLORER‚Äù WORLD TOUR,"The Bee, Publika",https://www.ticketmelon.com/lucidlive/comztour,2024-01-05,2024-01-05,,,
Fuchsia Presents Ben Klock,Fuchsia Bangkok,https://www.ticketmelon.com/fuchsiabkk/benklockatfuchsia,2024-01-05,2024-01-05,VIP TABLE DETAILS,"25,000",
Fuchsia Presents Ben Klock,Fuchsia Bangkok,https://www.ticketmelon.com/fuchsiabkk/benklockatfuchsia,2024-01-05,2024-01-05,VIP 1,"25,000",
Fuchsia Presents Ben Klock,Fuchsia Bangkok,https://www.ticketmelon.com/fuchsiabkk/benklockatfuchsia,2024-01-05,2024-01-05,VIP 2,"25,000",
Fuchsia Presents Ben Klock,Fuchsia Bangkok,https://www.ticketmelon.com/fuchsiabkk/benklockatfuchsia,2024-01-05,2024-01-05,VIP 3,"25,000",
Fuchsia Presents Ben Klock,Fuchsia Bangkok,https://www.ticketmelon.com/fuchsiabkk/benklockatfuchsia,2024-01-05,2024-01-05,VIP 4,"25,000",
Fuchsia Presents Ben Klock,Fuchsia Bangkok,https://www.ticketmelon.com/fuchsiabkk/benklockatfuchsia,2024-01-05,2024-01-05,VIP 5,"25,000",
Fuchsia Presents Ben Klock,Fuchsia Bangkok,https://www.ticketmelon.com/fuchsiabkk/benklockatfuchsia,2024-01-05,2024-01-05,VIP 6,"25,000",
Fuchsia Presents Ben Klock,Fuchsia Bangkok,https://www.ticketmelon.com/fuchsiabkk/benklockatfuchsia,2024-01-05,2024-01-05,VIP 7,"25,000",
Fuchsia Presents Ben Klock,Fuchsia Bangkok,https://www.ticketmelon.com/fuchsiabkk/benklockatfuchsia,2024-01-05,2024-01-05,VIP 8,"25,000",
Fuchsia Presents Ben Klock,Fuchsia Bangkok,https://www.ticketmelon.com/fuchsiabkk/benklockatfuchsia,2024-01-05,2024-01-05,VIP 9,"25,000",
Fuchsia Presents Ben Klock,Fuchsia Bangkok,https://www.ticketmelon.com/fuchsiabkk/benklockatfuchsia,2024-01-05,2024-01-05,VIP 10,"25,000",
Fuchsia Presents Ben Klock,Fuchsia Bangkok,https://www.ticketmelon.com/fuchsiabkk/benklockatfuchsia,2024-01-05,2024-01-05,VIP 11,"25,000",
Fuchsia Presents Ben Klock,Fuchsia Bangkok,https://www.ticketmelon.com/fuchsiabkk/benklockatfuchsia,2024-01-05,2024-01-05,STANDING TABLE - DETAILS,"8,000",
Fuchsia Presents Ben Klock,Fuchsia Bangkok,https://www.ticketmelon.com/fuchsiabkk/benklockatfuchsia,2024-01-05,2024-01-05,ST A1,"8,000",
Fuchsia Presents Ben Klock,Fuchsia Bangkok,https://www.ticketmelon.com/fuchsiabkk/benklockatfuchsia,2024-01-05,2024-01-05,ST A2,"8,000",
Fuchsia Presents Ben Klock,Fuchsia Bangkok,https://www.ticketmelon.com/fuchsiabkk/benklockatfuchsia,2024-01-05,2024-01-05,ST A3,"8,000",
Fuchsia Presents Ben Klock,Fuchsia Bangkok,https://www.ticketmelon.com/fuchsiabkk/benklockatfuchsia,2024-01-05,2024-01-05,ST A3B,"8,000",
Fuchsia Presents Ben Klock,Fuchsia Bangkok,https://www.ticketmelon.com/fuchsiabkk/benklockatfuchsia,2024-01-05,2024-01-05,ST A4,"8,000",
Fuchsia Presents Ben Klock,Fuchsia Bangkok,https://www.ticketmelon.com/fuchsiabkk/benklockatfuchsia,2024-01-05,2024-01-05,ST A5,"8,000",
Fuchsia Presents Ben Klock,Fuchsia Bangkok,https://www.ticketmelon.com/fuchsiabkk/benklockatfuchsia,2024-01-05,2024-01-05,ST A5B,"8,000",
Fuchsia Presents Ben Klock,Fuchsia Bangkok,https://www.ticketmelon.com/fuchsiabkk/benklockatfuchsia,2024-01-05,2024-01-05,ST A6,"8,000",
Fuchsia Presents Ben Klock,Fuchsia Bangkok,https://www.ticketmelon.com/fuchsiabkk/benklockatfuchsia,2024-01-05,2024-01-05,ST A7,"8,000",
Fuchsia Presents Ben Klock,Fuchsia Bangkok,https://www.ticketmelon.com/fuchsiabkk/benklockatfuchsia,2024-01-05,2024-01-05,ST A7B,"8,000",
Fuchsia Presents Ben Klock,Fuchsia Bangkok,https://www.ticketmelon.com/fuchsiabkk/benklockatfuchsia,2024-01-05,2024-01-05,ST A8,"8,000",
Fuchsia Presents Ben Klock,Fuchsia Bangkok,https://www.ticketmelon.com/fuchsiabkk/benklockatfuchsia,2024-01-05,2024-01-05,ST A9,"8,000",
Fuchsia Presents Ben Klock,Fuchsia Bangkok,https://www.ticketmelon.com/fuchsiabkk/benklockatfuchsia,2024-01-05,2024-01-05,ST B1,"8,000",
Fuchsia Presents Ben Klock,Fuchsia Bangkok,https://www.ticketmelon.com/fuchsiabkk/benklockatfuchsia,2024-01-05,2024-01-05,ST B2,"8,000",
Fuchsia Presents Ben Klock,Fuchsia Bangkok,https://www.ticketmelon.com/fuchsiabkk/benklockatfuchsia,2024-01-05,2024-01-05,ST B3,"8,000",2023-12-16
Fuchsia Presents Ben Klock,Fuchsia Bangkok,https://www.ticketmelon.com/fuchsiabkk/benklockatfuchsia,2024-01-05,2024-01-05,ST B4,"8,000",
Fuchsia Presents Ben Klock,Fuchsia Bangkok,https://www.ticketmelon.com/fuchsiabkk/benklockatfuchsia,2024-01-05,2024-01-05,ST B5,"8,000",
Fuchsia Presents Ben Klock,Fuchsia Bangkok,https://www.ticketmelon.com/fuchsiabkk/benklockatfuchsia,2024-01-05,2024-01-05,ST B6,"8,000",
Fuchsia Presents Ben Klock,Fuchsia Bangkok,https://www.ticketmelon.com/fuchsiabkk/benklockatfuchsia,2024-01-05,2024-01-05,ST B7,"8,000",
Fuchsia Presents Ben Klock,Fuchsia Bangkok,https://www.ticketmelon.com/fuchsiabkk/benklockatfuchsia,2024-01-05,2024-01-05,ST B8,"8,000",
Fuchsia Presents Ben Klock,Fuchsia Bangkok,https://www.ticketmelon.com/fuchsiabkk/benklockatfuchsia,2024-01-05,2024-01-05,ST B9,"8,000",
Fuchsia Presents Ben Klock,Fuchsia Bangkok,https://www.ticketmelon.com/fuchsiabkk/benklockatfuchsia,2024-01-05,2024-01-05,ST C1,"8,000",
Fuchsia Presents Ben Klock,Fuchsia Bangkok,https://www.ticketmelon.com/fuchsiabkk/benklockatfuchsia,2024-01-05,2024-01-05,ST C2,"8,000",
Fuchsia Presents Ben Klock,Fuchsia Bangkok,https://www.ticketmelon.com/fuchsiabkk/benklockatfuchsia,2024-01-05,2024-01-05,ST C3,"8,000",
Fuchsia Presents Ben Klock,Fuchsia Bangkok,https://www.ticketmelon.com/fuchsiabkk/benklockatfuchsia,2024-01-05,2024-01-05,ST C4,"8,000",
Fuchsia Presents Ben Klock,Fuchsia Bangkok,https://www.ticketmelon.com/fuchsiabkk/benklockatfuchsia,2024-01-05,2024-01-05,ST C5,"8,000",
Fuchsia Presents Ben Klock,Fuchsia Bangkok,https://www.ticketmelon.com/fuchsiabkk/benklockatfuchsia,2024-01-05,2024-01-05,Entry Ticket - Early Bird,900,2023-12-16
Fuchsia Presents Ben Klock,Fuchsia Bangkok,https://www.ticketmelon.com/fuchsiabkk/benklockatfuchsia,2024-01-05,2024-01-05,Entry Ticket - Standard,"1,200",
HARRY POTTER AND THE SORCERER'S STONE Screening at theCOMMONS' Sunset Film Club,theCOMMONS Thonglor,https://www.ticketmelon.com/thecommonsthonglor/sunset-film-club-jan-6,2024-01-06,2024-01-06,Ticket + Poppa's Popcorn & Todd's Butter Beer,350,
FLY BY MIDNIGHT ANEMOIA ASIA TOUR,"The Bee, Publika",https://www.ticketmelon.com/rklive/flybymidnight,2024-01-06,2024-01-06,EARLY BIRD,189,2023-12-16
FLY BY MIDNIGHT ANEMOIA ASIA TOUR,"The Bee, Publika",https://www.ticketmelon.com/rklive/flybymidnight,2024-01-06,2024-01-06,GENERAL SALE,213,
FLY BY MIDNIGHT ANEMOIA ASIA TOUR,"The Bee, Publika",https://www.ticketmelon.com/rklive/flybymidnight,2024-01-06,2024-01-06,VIP EXPERIENCE,541,
FLY BY MIDNIGHT ANEMOIA ASIA TOUR,"The Bee, Publika",https://www.ticketmelon.com/rklive/flybymidnight,2024-01-06,2024-01-06,VIP UPGRADE,328,
Circus Music Festival 3,Circuit Makati Event Grounds,https://www.ticketmelon.com/circus-music-festival/c-m-f-3,2024-01-06,2024-01-07,PLATINUM,"2,999",
Circus Music Festival 3,Circuit Makati Event Grounds,https://www.ticketmelon.com/circus-music-festival/c-m-f-3,2024-01-06,2024-01-07,GOLD,"1,999",
Circus Music Festival 3,Circuit Makati Event Grounds,https://www.ticketmelon.com/circus-music-festival/c-m-f-3,2024-01-06,2024-01-07,SILVER,999,
Circus Music Festival 3,Circuit Makati Event Grounds,https://www.ticketmelon.com/circus-music-festival/c-m-f-3,2024-01-06,2024-01-07,PLATINUM: 1-Day Pass,"1,999",
Circus Music Festival 3,Circuit Makati Event Grounds,https://www.ticketmelon.com/circus-music-festival/c-m-f-3,2024-01-06,2024-01-07,GOLD: 1-Day Pass,"1,499",
Circus Music Festival 3,Circuit Makati Event Grounds,https://www.ticketmelon.com/circus-music-festival/c-m-f-3,2024-01-06,2024-01-07,SILVER: 1-Day Pass,799,
Fun Run Music,‡∏™‡∏ß‡∏ô‡∏û‡∏∏‡∏ó‡∏ò‡∏°‡∏ì‡∏ë‡∏• ‡∏™‡∏≤‡∏¢4,https://www.ticketmelon.com/funrunandmusic/newyear2024,2024-01-07,2024-01-07,Fun Run 3K,"1,000",
Fun Run Music,‡∏™‡∏ß‡∏ô‡∏û‡∏∏‡∏ó‡∏ò‡∏°‡∏ì‡∏ë‡∏• ‡∏™‡∏≤‡∏¢4,https://www.ticketmelon.com/funrunandmusic/newyear2024,2024-01-07,2024-01-07,Fun Run 5K,"1,000",
Fun Run Music,‡∏™‡∏ß‡∏ô‡∏û‡∏∏‡∏ó‡∏ò‡∏°‡∏ì‡∏ë‡∏• ‡∏™‡∏≤‡∏¢4,https://www.ticketmelon.com/funrunandmusic/newyear2024,2024-01-07,2024-01-07,Mini Marathon 10K,"1,000",
Fun Run Music,‡∏™‡∏ß‡∏ô‡∏û‡∏∏‡∏ó‡∏ò‡∏°‡∏ì‡∏ë‡∏• ‡∏™‡∏≤‡∏¢4,https://www.ticketmelon.com/funrunandmusic/newyear2024,2024-01-07,2024-01-07,VIP,"2,000",
SUBCAMP 2024,Bla Bla Camp,https://www.ticketmelon.com/gonjahifi/subcamp2024,2024-01-13,2024-01-13,FULL PASS*,600,
SUBCAMP 2024,Bla Bla Camp,https://www.ticketmelon.com/gonjahifi/subcamp2024,2024-01-13,2024-01-13,ONE DAY PASS*,420,
‡∏ã‡∏±‡∏î‡∏°‡∏≤‡∏î-SETMILD,GREEN CAMP NAKHON NAYOK,https://www.ticketmelon.com/setmild/selinaandsirinya,2024-01-13,2024-01-13,‡∏ö‡∏±‡∏ï‡∏£‡∏á‡∏≤‡∏ô‡∏ã‡∏±‡∏î‡∏°‡∏≤‡∏î,"1,400",
ùîñhapeùîñhifter :LÕìÃΩCÕìÃΩLÕìÃΩ: NEMATOCYST : FITNESSS,Unformat Studio,https://www.ticketmelon.com/sathonchainsaw/lcl,2024-01-13,2024-01-13,Earlybird,800,
ùîñhapeùîñhifter :LÕìÃΩCÕìÃΩLÕìÃΩ: NEMATOCYST : FITNESSS,Unformat Studio,https://www.ticketmelon.com/sathonchainsaw/lcl,2024-01-13,2024-01-13,Advance,"1,100",
ùîñhapeùîñhifter :LÕìÃΩCÕìÃΩLÕìÃΩ: NEMATOCYST : FITNESSS,Unformat Studio,https://www.ticketmelon.com/sathonchainsaw/lcl,2024-01-13,2024-01-13,Door,"1,300",
101 DALMATIANS Screening at theCOMMONS' Sunset Film Club,theCOMMONS Thonglor,https://www.ticketmelon.com/thecommonsthonglor/sunset-film-club-jan-13,2024-01-13,2024-01-13,Ticket + Poppa's Popcorn & Drink,350,
YONLAPA : LINGERING GLOAMING CONCERT,Lido Connect (L2),https://www.ticketmelon.com/sss/yonlapa,2024-01-13,2024-01-13,Tickets,790,
 Sinful House Presents - The.Chao.Phraya - Swinger Lifestyle Cruise,Asiatique The Riverfront,https://www.ticketmelon.com/sinfulhouse/thechaophraya,2024-01-13,2024-01-13,Single Ticket,"2,500",
 Sinful House Presents - The.Chao.Phraya - Swinger Lifestyle Cruise,Asiatique The Riverfront,https://www.ticketmelon.com/sinfulhouse/thechaophraya,2024-01-13,2024-01-13,Couples Ticket,"4,500",
Enchanted VIP ,Differ Club Pattaya,https://www.ticketmelon.com/enchantedvip/chilee,2024-01-13,2024-01-13,2FAST2FURIOUS,300,
"YOU ARE MY ANSWER, OZCAR WANG LIVE IN BANGKOK 2024",Union Hall 2,https://www.ticketmelon.com/bondbondlive/ozcarwangliveinbangkok2024,2024-01-14,2024-01-14,Early Bird - VIP,"4,699",Sales Ended
"YOU ARE MY ANSWER, OZCAR WANG LIVE IN BANGKOK 2024",Union Hall 2,https://www.ticketmelon.com/bondbondlive/ozcarwangliveinbangkok2024,2024-01-14,2024-01-14,Early Bird - Zone A,"3,499",Sales Ended
"YOU ARE MY ANSWER, OZCAR WANG LIVE IN BANGKOK 2024",Union Hall 2,https://www.ticketmelon.com/bondbondlive/ozcarwangliveinbangkok2024,2024-01-14,2024-01-14,Early Bird - Zone B,"2,599",Sales Ended
"YOU ARE MY ANSWER, OZCAR WANG LIVE IN BANGKOK 2024",Union Hall 2,https://www.ticketmelon.com/bondbondlive/ozcarwangliveinbangkok2024,2024-01-14,2024-01-14,VIP,"5,500",
"YOU ARE MY ANSWER, OZCAR WANG LIVE IN BANGKOK 2024",Union Hall 2,https://www.ticketmelon.com/bondbondlive/ozcarwangliveinbangkok2024,2024-01-14,2024-01-14,Zone A,"3,800",
"YOU ARE MY ANSWER, OZCAR WANG LIVE IN BANGKOK 2024",Union Hall 2,https://www.ticketmelon.com/bondbondlive/ozcarwangliveinbangkok2024,2024-01-14,2024-01-14,Zone B,"2,800",
Selina & Sirinya Live in Bangkok 2024 ,BACC,https://www.ticketmelon.com/comeearsbkk/selinaandsirinya-live-in-bangkok-2024,2024-01-16,2024-01-16,ZONE A,"1,500",
Selina & Sirinya Live in Bangkok 2024 ,BACC,https://www.ticketmelon.com/comeearsbkk/selinaandsirinya-live-in-bangkok-2024,2024-01-16,2024-01-16,Zone B,"1,200",
Tales and Tunes: Music from the Screen and Stage ,Goethe-Institut Thailand,https://www.ticketmelon.com/talesandtunesconcert/music-from-the-screen-and-stage,2024-01-17,2024-01-17,Tales and Tunes: Music from the Screen and Stage,"1,000",
Tales and Tunes: Music from the Screen and Stage ,Goethe-Institut Thailand,https://www.ticketmelon.com/talesandtunesconcert/music-from-the-screen-and-stage,2024-01-17,2024-01-17,Tales and Tunes: Music from the Screen and Stage  (STUDENT TICKET),500,
Ligor Spirit Festival 2024,Greenspace Living ,https://www.ticketmelon.com/ligorspirit/ligor-spirit-festival-2023,2024-01-18,2024-01-21,Early bird ticket phase 1,"2,500",
Ligor Spirit Festival 2024,Greenspace Living ,https://www.ticketmelon.com/ligorspirit/ligor-spirit-festival-2023,2024-01-18,2024-01-21,Early bird ticket phase 2,"2,800",
SISB Fest,SISB,https://www.ticketmelon.com/sisbfest/sisbfest2024,2024-01-19,2024-01-19,Early Bird,800,
SISB Fest,SISB,https://www.ticketmelon.com/sisbfest/sisbfest2024,2024-01-19,2024-01-19,Standard,"1,200",
SISB Fest,SISB,https://www.ticketmelon.com/sisbfest/sisbfest2024,2024-01-19,2024-01-19,VIP Standing,"1,500",
SISB Fest,SISB,https://www.ticketmelon.com/sisbfest/sisbfest2024,2024-01-19,2024-01-19,VIP Seating,"2,000",
LA Festival 7 (Love Disadster),"Faculty of Liberal Arts, Mahidol University ",https://www.ticketmelon.com/la-festival-7-love-disadster/la-festival-7,2024-01-19,2024-01-19,Regular Tickets,350,
Jey (Jung Jinhyeong) in Bangkok ,Lido Connect Hall 2,https://www.ticketmelon.com/cultofya/jeyinbangkok,2024-01-19,2024-01-19,VIP,"3,300",
Jey (Jung Jinhyeong) in Bangkok ,Lido Connect Hall 2,https://www.ticketmelon.com/cultofya/jeyinbangkok,2024-01-19,2024-01-19,Early Entry,"1,500",
Jey (Jung Jinhyeong) in Bangkok ,Lido Connect Hall 2,https://www.ticketmelon.com/cultofya/jeyinbangkok,2024-01-19,2024-01-19,General,"1,000",
Out Of The World Water & Music Festival 2.0,"KL BASE, SUNGAI BESI",https://www.ticketmelon.com/genesisent/ootw2,2024-01-19,2024-01-21,EARLY BIRD (GA)(3 DAY PASS),599,
Out Of The World Water & Music Festival 2.0,"KL BASE, SUNGAI BESI",https://www.ticketmelon.com/genesisent/ootw2,2024-01-19,2024-01-21,EARLY BIRD (GA) (SINGLE DAY PASS - DAY 1),299,
Out Of The World Water & Music Festival 2.0,"KL BASE, SUNGAI BESI",https://www.ticketmelon.com/genesisent/ootw2,2024-01-19,2024-01-21,EARLY BIRD (GA) (SINGLE DAY PASS - DAY 2),299,
Out Of The World Water & Music Festival 2.0,"KL BASE, SUNGAI BESI",https://www.ticketmelon.com/genesisent/ootw2,2024-01-19,2024-01-21,EARLY BIRD (GA) (SINGLE DAY PASS - DAY 3),299,
Phangan ROCKFEST 2024,Phangan Rock Place,https://www.ticketmelon.com/phanganrockfest/phangan-rockfest-2024,2024-01-19,2024-01-27,2 DAY TICKET,"1,000",
Phangan ROCKFEST 2024,Phangan Rock Place,https://www.ticketmelon.com/phanganrockfest/phangan-rockfest-2024,2024-01-19,2024-01-27,ULTIMATE GOLD PASS- FESTIVAL AND TOUR,"1,500",
Phangan ROCKFEST 2024,Phangan Rock Place,https://www.ticketmelon.com/phanganrockfest/phangan-rockfest-2024,2024-01-19,2024-01-27,Day 1 ONLY,600,
Phangan ROCKFEST 2024,Phangan Rock Place,https://www.ticketmelon.com/phanganrockfest/phangan-rockfest-2024,2024-01-19,2024-01-27,Day 2 ONLY,700,
The Journey of Kati‚Äôs Happiness 20 ‡∏õ‡∏µ ‡∏Å‡∏≤‡∏£‡πÄ‡∏î‡∏¥‡∏ô‡∏ó‡∏≤‡∏á‡∏Ç‡∏≠‡∏á‡∏Ñ‡∏ß‡∏≤‡∏°‡∏™‡∏∏‡∏Ç‡πÑ‡∏°‡πà‡∏£‡∏π‡πâ‡∏à‡∏ö,‡∏•‡∏≤‡∏ô‡∏£‡∏¥‡∏°‡∏ô‡πâ‡∏≥ ‡∏ö‡∏£‡∏¥‡∏©‡∏±‡∏ó ‡∏≠‡∏°‡∏£‡∏¥‡∏ô‡∏ó‡∏£‡πå ‡∏Ñ‡∏≠‡∏£‡πå‡πÄ‡∏õ‡∏≠‡πÄ‡∏£‡∏ä‡∏±‡πà‡∏ô‡∏™‡πå ‡∏à‡∏≥‡∏Å‡∏±‡∏î (‡∏°‡∏´‡∏≤‡∏ä‡∏ô),https://www.ticketmelon.com/amarin-publishing/the-journey-of-kati-happiness,2024-01-20,2024-01-20,‡∏ú‡∏π‡πâ‡∏ó‡∏µ‡πà‡∏™‡∏ô‡πÉ‡∏à,Free,
Lopburi Music Festival ‡∏•‡∏û‡∏ö‡∏∏‡∏£‡∏µ ‡∏°‡∏¥‡∏ß‡∏™‡∏¥‡∏Ñ ‡πÄ‡∏ü‡∏™‡∏ï‡∏¥‡∏ß‡∏±‡∏•,‡πÄ‡∏Ç‡∏≤‡πÇ‡∏î‡πà ‡∏ï‡∏≥‡∏ö‡∏•‡∏ô‡∏¥‡∏Ñ‡∏°‡∏™‡∏£‡πâ‡∏≤‡∏á‡∏ï‡∏ô‡πÄ‡∏≠‡∏á ‡∏≠‡∏≥‡πÄ‡∏†‡∏≠‡πÄ‡∏°‡∏∑‡∏≠‡∏á ‡∏à‡∏±‡∏á‡∏´‡∏ß‡∏±‡∏î‡∏•‡∏û‡∏ö‡∏∏‡∏£‡∏µ,https://www.ticketmelon.com/lopburimusicfestival/lopburimusicfestival2023,2024-01-20,2024-01-20,Regular,599,
Lopburi Music Festival ‡∏•‡∏û‡∏ö‡∏∏‡∏£‡∏µ ‡∏°‡∏¥‡∏ß‡∏™‡∏¥‡∏Ñ ‡πÄ‡∏ü‡∏™‡∏ï‡∏¥‡∏ß‡∏±‡∏•,‡πÄ‡∏Ç‡∏≤‡πÇ‡∏î‡πà ‡∏ï‡∏≥‡∏ö‡∏•‡∏ô‡∏¥‡∏Ñ‡∏°‡∏™‡∏£‡πâ‡∏≤‡∏á‡∏ï‡∏ô‡πÄ‡∏≠‡∏á ‡∏≠‡∏≥‡πÄ‡∏†‡∏≠‡πÄ‡∏°‡∏∑‡∏≠‡∏á ‡∏à‡∏±‡∏á‡∏´‡∏ß‡∏±‡∏î‡∏•‡∏û‡∏ö‡∏∏‡∏£‡∏µ,https://www.ticketmelon.com/lopburimusicfestival/lopburimusicfestival2023,2024-01-20,2024-01-20,Camping ‡πÇ‡∏ã‡πÇ‡∏•‡πà‡πÄ‡∏î‡∏µ‡πà‡∏¢‡∏ß,"1,990",
Lopburi Music Festival ‡∏•‡∏û‡∏ö‡∏∏‡∏£‡∏µ ‡∏°‡∏¥‡∏ß‡∏™‡∏¥‡∏Ñ ‡πÄ‡∏ü‡∏™‡∏ï‡∏¥‡∏ß‡∏±‡∏•,‡πÄ‡∏Ç‡∏≤‡πÇ‡∏î‡πà ‡∏ï‡∏≥‡∏ö‡∏•‡∏ô‡∏¥‡∏Ñ‡∏°‡∏™‡∏£‡πâ‡∏≤‡∏á‡∏ï‡∏ô‡πÄ‡∏≠‡∏á ‡∏≠‡∏≥‡πÄ‡∏†‡∏≠‡πÄ‡∏°‡∏∑‡∏≠‡∏á ‡∏à‡∏±‡∏á‡∏´‡∏ß‡∏±‡∏î‡∏•‡∏û‡∏ö‡∏∏‡∏£‡∏µ,https://www.ticketmelon.com/lopburimusicfestival/lopburimusicfestival2023,2024-01-20,2024-01-20,Camping ‡∏Ñ‡∏π‡πà‡∏ã‡∏µ‡πâ & ‡∏´‡∏ß‡∏≤‡∏ô‡πÉ‡∏à,"3,800",
Lopburi Music Festival ‡∏•‡∏û‡∏ö‡∏∏‡∏£‡∏µ ‡∏°‡∏¥‡∏ß‡∏™‡∏¥‡∏Ñ ‡πÄ‡∏ü‡∏™‡∏ï‡∏¥‡∏ß‡∏±‡∏•,‡πÄ‡∏Ç‡∏≤‡πÇ‡∏î‡πà ‡∏ï‡∏≥‡∏ö‡∏•‡∏ô‡∏¥‡∏Ñ‡∏°‡∏™‡∏£‡πâ‡∏≤‡∏á‡∏ï‡∏ô‡πÄ‡∏≠‡∏á ‡∏≠‡∏≥‡πÄ‡∏†‡∏≠‡πÄ‡∏°‡∏∑‡∏≠‡∏á ‡∏à‡∏±‡∏á‡∏´‡∏ß‡∏±‡∏î‡∏•‡∏û‡∏ö‡∏∏‡∏£‡∏µ,https://www.ticketmelon.com/lopburimusicfestival/lopburimusicfestival2023,2024-01-20,2024-01-20,Camping ‡∏ä‡∏≤‡∏ß‡πÅ‡∏Å‡πä‡∏á,"7,590",
Lopburi Music Festival ‡∏•‡∏û‡∏ö‡∏∏‡∏£‡∏µ ‡∏°‡∏¥‡∏ß‡∏™‡∏¥‡∏Ñ ‡πÄ‡∏ü‡∏™‡∏ï‡∏¥‡∏ß‡∏±‡∏•,‡πÄ‡∏Ç‡∏≤‡πÇ‡∏î‡πà ‡∏ï‡∏≥‡∏ö‡∏•‡∏ô‡∏¥‡∏Ñ‡∏°‡∏™‡∏£‡πâ‡∏≤‡∏á‡∏ï‡∏ô‡πÄ‡∏≠‡∏á ‡∏≠‡∏≥‡πÄ‡∏†‡∏≠‡πÄ‡∏°‡∏∑‡∏≠‡∏á ‡∏à‡∏±‡∏á‡∏´‡∏ß‡∏±‡∏î‡∏•‡∏û‡∏ö‡∏∏‡∏£‡∏µ,https://www.ticketmelon.com/lopburimusicfestival/lopburimusicfestival2023,2024-01-20,2024-01-20,VIP,"4,500",
Lopburi Music Festival ‡∏•‡∏û‡∏ö‡∏∏‡∏£‡∏µ ‡∏°‡∏¥‡∏ß‡∏™‡∏¥‡∏Ñ ‡πÄ‡∏ü‡∏™‡∏ï‡∏¥‡∏ß‡∏±‡∏•,‡πÄ‡∏Ç‡∏≤‡πÇ‡∏î‡πà ‡∏ï‡∏≥‡∏ö‡∏•‡∏ô‡∏¥‡∏Ñ‡∏°‡∏™‡∏£‡πâ‡∏≤‡∏á‡∏ï‡∏ô‡πÄ‡∏≠‡∏á ‡∏≠‡∏≥‡πÄ‡∏†‡∏≠‡πÄ‡∏°‡∏∑‡∏≠‡∏á ‡∏à‡∏±‡∏á‡∏´‡∏ß‡∏±‡∏î‡∏•‡∏û‡∏ö‡∏∏‡∏£‡∏µ,https://www.ticketmelon.com/lopburimusicfestival/lopburimusicfestival2023,2024-01-20,2024-01-20,VVIP,"15,000",
Lopburi Music Festival ‡∏•‡∏û‡∏ö‡∏∏‡∏£‡∏µ ‡∏°‡∏¥‡∏ß‡∏™‡∏¥‡∏Ñ ‡πÄ‡∏ü‡∏™‡∏ï‡∏¥‡∏ß‡∏±‡∏•,‡πÄ‡∏Ç‡∏≤‡πÇ‡∏î‡πà ‡∏ï‡∏≥‡∏ö‡∏•‡∏ô‡∏¥‡∏Ñ‡∏°‡∏™‡∏£‡πâ‡∏≤‡∏á‡∏ï‡∏ô‡πÄ‡∏≠‡∏á ‡∏≠‡∏≥‡πÄ‡∏†‡∏≠‡πÄ‡∏°‡∏∑‡∏≠‡∏á ‡∏à‡∏±‡∏á‡∏´‡∏ß‡∏±‡∏î‡∏•‡∏û‡∏ö‡∏∏‡∏£‡∏µ,https://www.ticketmelon.com/lopburimusicfestival/lopburimusicfestival2023,2024-01-20,2024-01-20,VVIP ‡∏û‡∏£‡πâ‡∏≠‡∏°‡∏ó‡∏µ‡πà‡∏û‡∏±‡∏Å,"18,990",
INSOMNIA LIVE IN SALAYA 2024,‡∏°‡∏´‡∏¥‡∏î‡∏• ‡∏®‡∏≤‡∏•‡∏≤‡∏¢‡∏≤,https://www.ticketmelon.com/insomnia2024/0d831cec72ea11ee915501117567899b,2024-01-20,2024-01-20,Portfolio 1/2 (Early bird),339,Sales Ended
INSOMNIA LIVE IN SALAYA 2024,‡∏°‡∏´‡∏¥‡∏î‡∏• ‡∏®‡∏≤‡∏•‡∏≤‡∏¢‡∏≤,https://www.ticketmelon.com/insomnia2024/0d831cec72ea11ee915501117567899b,2024-01-20,2024-01-20,Admission 3 (Regular),399,
COME BACK ANYTIME Screening at theCOMMONS' Sunset Film Club,theCOMMONS Thonglor,https://www.ticketmelon.com/thecommonsthonglor/sunset-film-club-jan-20,2024-01-20,2024-01-20,Ticket + Poppa's Popcorn & Drink,350,2023-12-16
0WAVE in Bangkok,Lido Connect Hall 2,https://www.ticketmelon.com/cultofya/0waveinbangkok,2024-01-20,2024-01-20,General,"1,000",2023-12-16
0WAVE in Bangkok,Lido Connect Hall 2,https://www.ticketmelon.com/cultofya/0waveinbangkok,2024-01-20,2024-01-20,VIP,"3,300",
‡πÄ‡∏ü‡∏µ‡πâ‡∏¢‡∏ß‡∏ï‡∏¥‡∏ß‡∏±‡∏• ‡πÄ‡∏ä‡∏µ‡∏¢‡∏á‡∏£‡∏≤‡∏¢,‡∏•‡∏≤‡∏ô‡∏Å‡∏≤‡∏™‡∏∞‡∏•‡∏≠‡∏á 2 ‡πÄ‡∏ã‡πá‡∏ô‡∏ó‡∏£‡∏±‡∏•‡πÄ‡∏ä‡∏µ‡∏¢‡∏á‡∏£‡∏≤‡∏¢,https://www.ticketmelon.com/fiewtival/fiewtival-chiangrai-2024,2024-01-20,2024-01-20,‡∏ö‡∏±‡∏ï‡∏£ : 20 ‡∏õ‡∏µ,Free,
‡πÄ‡∏ü‡∏µ‡πâ‡∏¢‡∏ß‡∏ï‡∏¥‡∏ß‡∏±‡∏• ‡πÄ‡∏ä‡∏µ‡∏¢‡∏á‡∏£‡∏≤‡∏¢,‡∏•‡∏≤‡∏ô‡∏Å‡∏≤‡∏™‡∏∞‡∏•‡∏≠‡∏á 2 ‡πÄ‡∏ã‡πá‡∏ô‡∏ó‡∏£‡∏±‡∏•‡πÄ‡∏ä‡∏µ‡∏¢‡∏á‡∏£‡∏≤‡∏¢,https://www.ticketmelon.com/fiewtival/fiewtival-chiangrai-2024,2024-01-20,2024-01-20,‡∏ö‡∏±‡∏ï‡∏£ : 21 ‡∏õ‡∏µ‡∏Ç‡∏∂‡πâ‡∏ô‡πÑ‡∏õ,199,
‡πÄ‡∏ü‡∏µ‡πâ‡∏¢‡∏ß‡∏ï‡∏¥‡∏ß‡∏±‡∏• ‡πÄ‡∏ä‡∏µ‡∏¢‡∏á‡∏£‡∏≤‡∏¢,‡∏•‡∏≤‡∏ô‡∏Å‡∏≤‡∏™‡∏∞‡∏•‡∏≠‡∏á 2 ‡πÄ‡∏ã‡πá‡∏ô‡∏ó‡∏£‡∏±‡∏•‡πÄ‡∏ä‡∏µ‡∏¢‡∏á‡∏£‡∏≤‡∏¢,https://www.ticketmelon.com/fiewtival/fiewtival-chiangrai-2024,2024-01-20,2024-01-20,‡∏ö‡∏±‡∏ï‡∏£ : 21 ‡∏õ‡∏µ‡∏Ç‡∏∂‡πâ‡∏ô‡πÑ‡∏õ (‡∏°‡∏≤ 4 ‡∏à‡πà‡∏≤‡∏¢ 3 : ‡∏£‡∏≤‡∏Ñ‡∏≤ 597 ‡∏ö‡∏≤‡∏ó),149,
‡πÄ‡∏ü‡∏µ‡πâ‡∏¢‡∏ß‡∏ï‡∏¥‡∏ß‡∏±‡∏• 2024,10 ‡∏à‡∏±‡∏á‡∏´‡∏ß‡∏±‡∏î 10 ‡∏™‡∏ñ‡∏≤‡∏ô‡∏ó‡∏µ‡πà,https://www.ticketmelon.com/fiewtival/fiewtival2024,2024-01-20,2024-05-19,,,
Gathering in the glen : ‡∏ã‡∏±‡∏Å‡πÅ‡∏î‡∏î,‡∏ó‡∏∏‡πà‡∏á‡πÄ‡∏•‡∏µ‡πâ‡∏¢‡∏á‡∏Ñ‡∏ß‡∏≤‡∏¢‡∏•‡∏∏‡∏á‡∏ï‡∏≤,https://www.ticketmelon.com/velayen/getsomesun-catchsomerays,2024-01-21,2024-01-21,‡∏ã‡∏±‡∏Å‡πÅ‡∏î‡∏î,"1,000",
KUNSTLER : The Public 26 JAN 24,SERMSUK WAREHOUSE,https://www.ticketmelon.com/kunstler/9190c4bf7d4111ee922201117567899b,2024-01-26,2024-01-26,26 JAN Early bird (One day pass),250,Sales Ended
KUNSTLER : The Public 26 JAN 24,SERMSUK WAREHOUSE,https://www.ticketmelon.com/kunstler/9190c4bf7d4111ee922201117567899b,2024-01-26,2024-01-26,26 JAN Regular (One day pass),390,
‡πÄ‡∏ü‡∏µ‡πâ‡∏¢‡∏ß‡∏ï‡∏¥‡∏ß‡∏±‡∏• ‡∏≠‡∏∏‡∏î‡∏£‡∏ò‡∏≤‡∏ô‡∏µ,‡∏•‡∏≤‡∏ô‡πÄ‡∏î‡∏≠‡∏∞‡πÅ‡∏•‡∏ô‡∏î‡πå ‡∏®‡∏π‡∏ô‡∏¢‡πå‡∏Å‡∏≤‡∏£‡∏Ñ‡πâ‡∏≤‡∏¢‡∏π‡∏î‡∏µ ‡∏ó‡∏≤‡∏ß‡∏ô‡πå ‡∏≠‡∏∏‡∏î‡∏£‡∏ò‡∏≤‡∏ô‡∏µ,https://www.ticketmelon.com/fiewtival/fiewtival-udonthani-2024,2024-01-26,2024-01-26,‡∏ö‡∏±‡∏ï‡∏£ : 20 ‡∏õ‡∏µ,Free,
‡πÄ‡∏ü‡∏µ‡πâ‡∏¢‡∏ß‡∏ï‡∏¥‡∏ß‡∏±‡∏• ‡∏≠‡∏∏‡∏î‡∏£‡∏ò‡∏≤‡∏ô‡∏µ,‡∏•‡∏≤‡∏ô‡πÄ‡∏î‡∏≠‡∏∞‡πÅ‡∏•‡∏ô‡∏î‡πå ‡∏®‡∏π‡∏ô‡∏¢‡πå‡∏Å‡∏≤‡∏£‡∏Ñ‡πâ‡∏≤‡∏¢‡∏π‡∏î‡∏µ ‡∏ó‡∏≤‡∏ß‡∏ô‡πå ‡∏≠‡∏∏‡∏î‡∏£‡∏ò‡∏≤‡∏ô‡∏µ,https://www.ticketmelon.com/fiewtival/fiewtival-udonthani-2024,2024-01-26,2024-01-26,‡∏ö‡∏±‡∏ï‡∏£ : 21 ‡∏õ‡∏µ‡∏Ç‡∏∂‡πâ‡∏ô‡πÑ‡∏õ,199,
‡πÄ‡∏ü‡∏µ‡πâ‡∏¢‡∏ß‡∏ï‡∏¥‡∏ß‡∏±‡∏• ‡∏≠‡∏∏‡∏î‡∏£‡∏ò‡∏≤‡∏ô‡∏µ,‡∏•‡∏≤‡∏ô‡πÄ‡∏î‡∏≠‡∏∞‡πÅ‡∏•‡∏ô‡∏î‡πå ‡∏®‡∏π‡∏ô‡∏¢‡πå‡∏Å‡∏≤‡∏£‡∏Ñ‡πâ‡∏≤‡∏¢‡∏π‡∏î‡∏µ ‡∏ó‡∏≤‡∏ß‡∏ô‡πå ‡∏≠‡∏∏‡∏î‡∏£‡∏ò‡∏≤‡∏ô‡∏µ,https://www.ticketmelon.com/fiewtival/fiewtival-udonthani-2024,2024-01-26,2024-01-26,‡∏ö‡∏±‡∏ï‡∏£ : 21 ‡∏õ‡∏µ‡∏Ç‡∏∂‡πâ‡∏ô‡πÑ‡∏õ (‡∏°‡∏≤ 4 ‡∏à‡πà‡∏≤‡∏¢ 3 : ‡∏£‡∏≤‡∏Ñ‡∏≤ 597 ‡∏ö‡∏≤‡∏ó),149,
KLWP 3.0,KL BASE SG BESI,https://www.ticketmelon.com/klwp/30,2024-01-26,2024-01-27,SUPER EB GA (2 DAYS PASS),150,2023-12-16
KLWP 3.0,KL BASE SG BESI,https://www.ticketmelon.com/klwp/30,2024-01-26,2024-01-27,SUPER EB VIP (2 DAYS PASS),250,2023-12-16
KLWP 3.0,KL BASE SG BESI,https://www.ticketmelon.com/klwp/30,2024-01-26,2024-01-27,GA EARLY BIRD (2 DAYS PASS),320,
KLWP 3.0,KL BASE SG BESI,https://www.ticketmelon.com/klwp/30,2024-01-26,2024-01-27,VIP EARLY BIRD (2 DAYS PASS),420,
KLWP 3.0,KL BASE SG BESI,https://www.ticketmelon.com/klwp/30,2024-01-26,2024-01-27,GA PHASE 1 (1 DAY PASS) (FRIDAY),220,
KLWP 3.0,KL BASE SG BESI,https://www.ticketmelon.com/klwp/30,2024-01-26,2024-01-27,GA PHASE 1 (1 DAY PASS) (SATURDAY),220,
KLWP 3.0,KL BASE SG BESI,https://www.ticketmelon.com/klwp/30,2024-01-26,2024-01-27,VIP PHASE 1 (1 DAY PASS) (FRIDAY),270,
KLWP 3.0,KL BASE SG BESI,https://www.ticketmelon.com/klwp/30,2024-01-26,2024-01-27,VIP PHASE 1 (1 DAY PASS) (SATURDAY),270,
KLWP 3.0,KL BASE SG BESI,https://www.ticketmelon.com/klwp/30,2024-01-26,2024-01-27,GA PHASE 2 (2 DAYS PASS),380,
KLWP 3.0,KL BASE SG BESI,https://www.ticketmelon.com/klwp/30,2024-01-26,2024-01-27,GA PHASE 1 (2 DAYS PASS),350,
KLWP 3.0,KL BASE SG BESI,https://www.ticketmelon.com/klwp/30,2024-01-26,2024-01-27,VIP PHASE 1 (2 DAYS PASS),450,
KLWP 3.0,KL BASE SG BESI,https://www.ticketmelon.com/klwp/30,2024-01-26,2024-01-27,VIP PHASE 2 (2 DAYS PASS),480,
KLWP 3.0,KL BASE SG BESI,https://www.ticketmelon.com/klwp/30,2024-01-26,2024-01-27,GA PHASE 2 (1 DAY PASS) (FRIDAY),260,
KLWP 3.0,KL BASE SG BESI,https://www.ticketmelon.com/klwp/30,2024-01-26,2024-01-27,GA PHASE 2 (1 DAY PASS) (SATURDAY),260,
KLWP 3.0,KL BASE SG BESI,https://www.ticketmelon.com/klwp/30,2024-01-26,2024-01-27,VIP PHASE 2 (1 DAY PASS) (FRIDAY),310,
KLWP 3.0,KL BASE SG BESI,https://www.ticketmelon.com/klwp/30,2024-01-26,2024-01-27,VIP PHASE 2 (1 DAY PASS) (SATURDAY),310,
Thailand International Jazz Conference 2024,"College of Music, Mahidol University",https://www.ticketmelon.com/mahidolmusic/tijc2024,2024-01-26,2024-01-28,3-Day Pass I Black Cat Package,"4,000",
Thailand International Jazz Conference 2024,"College of Music, Mahidol University",https://www.ticketmelon.com/mahidolmusic/tijc2024,2024-01-26,2024-01-28,1-Day Pass I Day & Night I 26 January 2024,"1,050",
Thailand International Jazz Conference 2024,"College of Music, Mahidol University",https://www.ticketmelon.com/mahidolmusic/tijc2024,2024-01-26,2024-01-28,1-Day Pass I Day & Night I 27 January 2024,"1,050",
Thailand International Jazz Conference 2024,"College of Music, Mahidol University",https://www.ticketmelon.com/mahidolmusic/tijc2024,2024-01-26,2024-01-28,1-Day Pass I Day & Night I 28 January 2024,"1,050",
Thailand International Jazz Conference 2024,"College of Music, Mahidol University",https://www.ticketmelon.com/mahidolmusic/tijc2024,2024-01-26,2024-01-28,Session Pass I Day (Workshop) I 26 January 2024 I General Admission,500,
Thailand International Jazz Conference 2024,"College of Music, Mahidol University",https://www.ticketmelon.com/mahidolmusic/tijc2024,2024-01-26,2024-01-28,Session Pass I Day (Workshop) I 27 January 2024 I General Admission,500,
Thailand International Jazz Conference 2024,"College of Music, Mahidol University",https://www.ticketmelon.com/mahidolmusic/tijc2024,2024-01-26,2024-01-28,Session Pass I Day (Workshop) I 28 January 2024 I General Admission,500,
Thailand International Jazz Conference 2024,"College of Music, Mahidol University",https://www.ticketmelon.com/mahidolmusic/tijc2024,2024-01-26,2024-01-28,"Session Pass I Day (Workshop) I 26 January 2024 I Student, Music Lover Card",400,
Thailand International Jazz Conference 2024,"College of Music, Mahidol University",https://www.ticketmelon.com/mahidolmusic/tijc2024,2024-01-26,2024-01-28,"Session Pass I Day (Workshop) I 27 January 2024 I Student, Music Lover Card",400,
Thailand International Jazz Conference 2024,"College of Music, Mahidol University",https://www.ticketmelon.com/mahidolmusic/tijc2024,2024-01-26,2024-01-28,"Session Pass I Day (Workshop) I 28 January 2024 I Student, Music Lover Card",400,
Thailand International Jazz Conference 2024,"College of Music, Mahidol University",https://www.ticketmelon.com/mahidolmusic/tijc2024,2024-01-26,2024-01-28,Session Pass I Night (Concert) I 26 January 2024 I General Admission,"1,000",
Thailand International Jazz Conference 2024,"College of Music, Mahidol University",https://www.ticketmelon.com/mahidolmusic/tijc2024,2024-01-26,2024-01-28,Session Pass I Night (Concert) I 27 January 2024 I General Admission,"1,000",
Thailand International Jazz Conference 2024,"College of Music, Mahidol University",https://www.ticketmelon.com/mahidolmusic/tijc2024,2024-01-26,2024-01-28,Session Pass I Night (Concert) I 28 January 2024 I General Admission,"1,000",
Thailand International Jazz Conference 2024,"College of Music, Mahidol University",https://www.ticketmelon.com/mahidolmusic/tijc2024,2024-01-26,2024-01-28,"Session Pass I Night (Concert) I 26 January 2024 I Student, Music Lover Card",800,
Thailand International Jazz Conference 2024,"College of Music, Mahidol University",https://www.ticketmelon.com/mahidolmusic/tijc2024,2024-01-26,2024-01-28,"Session Pass I Night (Concert) I 27 January 2024 I  Student, Music Lover Card",800,
Thailand International Jazz Conference 2024,"College of Music, Mahidol University",https://www.ticketmelon.com/mahidolmusic/tijc2024,2024-01-26,2024-01-28,Session Pass I Night (Concert) I 28 January 2024 I Student and Music Lover Card,800,
BEATFOREST 2024,Bonanza,https://www.ticketmelon.com/beatforest/beatforest,2024-01-27,2024-01-27,Early Bird,"1,200",
BEATFOREST 2024,Bonanza,https://www.ticketmelon.com/beatforest/beatforest,2024-01-27,2024-01-27,Package A (2 Nights),"6,240",
BEATFOREST 2024,Bonanza,https://www.ticketmelon.com/beatforest/beatforest,2024-01-27,2024-01-27,Package B (2 Nights),"6,560",
BEATFOREST 2024,Bonanza,https://www.ticketmelon.com/beatforest/beatforest,2024-01-27,2024-01-27,Package C (2 Nights),"12,400",
BEATFOREST 2024,Bonanza,https://www.ticketmelon.com/beatforest/beatforest,2024-01-27,2024-01-27,Package D (2 Night),"14,000",
BEATFOREST 2024,Bonanza,https://www.ticketmelon.com/beatforest/beatforest,2024-01-27,2024-01-27,Package E (1Night),"4,320",
BEATFOREST 2024,Bonanza,https://www.ticketmelon.com/beatforest/beatforest,2024-01-27,2024-01-27,Package F (1 Night),"4,480",
BEATFOREST 2024,Bonanza,https://www.ticketmelon.com/beatforest/beatforest,2024-01-27,2024-01-27,Package G (1 Night),"8,000",
BEATFOREST 2024,Bonanza,https://www.ticketmelon.com/beatforest/beatforest,2024-01-27,2024-01-27,Package H (1 Night),"8,800",
KUNSTLER : The Public 27 JAN 24,SERMSUK WAREHOUSE,https://www.ticketmelon.com/kunstler/the-public,2024-01-27,2024-01-27,27 JAN Early bird (One day pass),250,Sales Ended
KUNSTLER : The Public 27 JAN 24,SERMSUK WAREHOUSE,https://www.ticketmelon.com/kunstler/the-public,2024-01-27,2024-01-27,27 JAN Regular (One day pass),390,
FORREST GUMP Screening at theCOMMONS' Sunset Film Club,theCOMMONS Thonglor,https://www.ticketmelon.com/thecommonsthonglor/sunset-film-club-jan-27,2024-01-27,2024-01-27,Ticket + Poppa's Popcorn & Drink,350,
"üåü Moon Rock Festival: 3 Days of Music, Camping, and Seaside Bliss! üöÄüèïÔ∏èüåä",MoonRock,https://www.ticketmelon.com/moonrock/moonrockfestival3,2024-01-27,2024-01-29,Early Bird 3 days with Tent ‚õ∫Ô∏è,"1,500",
"üåü Moon Rock Festival: 3 Days of Music, Camping, and Seaside Bliss! üöÄüèïÔ∏èüåä",MoonRock,https://www.ticketmelon.com/moonrock/moonrockfestival3,2024-01-27,2024-01-29,"Early Bird 3 Days, No Tent","1,000",
"üåü Moon Rock Festival: 3 Days of Music, Camping, and Seaside Bliss! üöÄüèïÔ∏èüåä",MoonRock,https://www.ticketmelon.com/moonrock/moonrockfestival3,2024-01-27,2024-01-29,3 Day Ticket with Tent ‚õ∫Ô∏è,"2,300",
"üåü Moon Rock Festival: 3 Days of Music, Camping, and Seaside Bliss! üöÄüèïÔ∏èüåä",MoonRock,https://www.ticketmelon.com/moonrock/moonrockfestival3,2024-01-27,2024-01-29,"3 Day Ticket, No Tent","1,800",
"üåü Moon Rock Festival: 3 Days of Music, Camping, and Seaside Bliss! üöÄüèïÔ∏èüåä",MoonRock,https://www.ticketmelon.com/moonrock/moonrockfestival3,2024-01-27,2024-01-29,"2 Day Ticket 28-29th, Tent ‚õ∫Ô∏è","2,100",
"üåü Moon Rock Festival: 3 Days of Music, Camping, and Seaside Bliss! üöÄüèïÔ∏èüåä",MoonRock,https://www.ticketmelon.com/moonrock/moonrockfestival3,2024-01-27,2024-01-29,"2 Day Ticket 28-29th, No Tent","1,600",
"üåü Moon Rock Festival: 3 Days of Music, Camping, and Seaside Bliss! üöÄüèïÔ∏èüåä",MoonRock,https://www.ticketmelon.com/moonrock/moonrockfestival3,2024-01-27,2024-01-29,Taxi Pickup,100,
COMBUST (NYHC) Live in Bangkok 28.01.2024,BLUEPRINT LIVEHOUSE,https://www.ticketmelon.com/holdingonrecords/combustliveinbangkok,2024-01-28,2024-01-28,Early Bird Ticket,700,
COMBUST (NYHC) Live in Bangkok 28.01.2024,BLUEPRINT LIVEHOUSE,https://www.ticketmelon.com/holdingonrecords/combustliveinbangkok,2024-01-28,2024-01-28,Pre-Sale Ticket,900,
COMBUST (NYHC) Live in Bangkok 28.01.2024,BLUEPRINT LIVEHOUSE,https://www.ticketmelon.com/holdingonrecords/combustliveinbangkok,2024-01-28,2024-01-28,Regular Ticket,"1,000",
Unkonscious Boat Party 2024,Tappia Floating cafe - Pattaya,https://www.ticketmelon.com/ppe/unk24boat,2024-01-30,2024-01-30,Boat Party: Super Early Bird,"1,800",2023-12-16
Unkonscious Boat Party 2024,Tappia Floating cafe - Pattaya,https://www.ticketmelon.com/ppe/unk24boat,2024-01-30,2024-01-30,Boat Party: GA,"2,300",
UnKonscious Festival 2024,Alexa Beach club,https://www.ticketmelon.com/unkonscious/unk24,2024-01-30,2024-02-04,6-Day Festival Pass,"10,000",
UnKonscious Festival 2024,Alexa Beach club,https://www.ticketmelon.com/unkonscious/unk24,2024-01-30,2024-02-04,Pre-party: GA,"1,300",
UnKonscious Festival 2024,Alexa Beach club,https://www.ticketmelon.com/unkonscious/unk24,2024-01-30,2024-02-04,UNK24: Single Day Pass - 1 Feb 2024,"2,000",
UnKonscious Festival 2024,Alexa Beach club,https://www.ticketmelon.com/unkonscious/unk24,2024-01-30,2024-02-04,UNK24: Single Day Pass - 2 Feb 2024,"2,000",
UnKonscious Festival 2024,Alexa Beach club,https://www.ticketmelon.com/unkonscious/unk24,2024-01-30,2024-02-04,UNK24: GA,"3,600",
UnKonscious Festival 2024,Alexa Beach club,https://www.ticketmelon.com/unkonscious/unk24,2024-01-30,2024-02-04,"UNK24: FRIENDSHIP PACK - Buy 6, Get 1 Free","3,085",
UnKonscious Festival 2024,Alexa Beach club,https://www.ticketmelon.com/unkonscious/unk24,2024-01-30,2024-02-04,VIP Cabana (2 Days) - Table only!,"29,800",
UnKonscious Festival 2024,Alexa Beach club,https://www.ticketmelon.com/unkonscious/unk24,2024-01-30,2024-02-04,VIP Double Booth (2 Days) - Table only!,"39,900",2023-12-16
UnKonscious Festival 2024,Alexa Beach club,https://www.ticketmelon.com/unkonscious/unk24,2024-01-30,2024-02-04,VIP Sofa Bed (2 Days) - Table only!,"45,800",
UnKonscious Festival 2024,Alexa Beach club,https://www.ticketmelon.com/unkonscious/unk24,2024-01-30,2024-02-04,VVIP Beach Deck #L1 (2 Days) - Table only!,"88,000",
UnKonscious Festival 2024,Alexa Beach club,https://www.ticketmelon.com/unkonscious/unk24,2024-01-30,2024-02-04,VVIP Beach Deck #L2 (2 Days) - Table only!,"88,000",
UnKonscious Festival 2024,Alexa Beach club,https://www.ticketmelon.com/unkonscious/unk24,2024-01-30,2024-02-04,VVIP Beach Deck #L3 (2 Days) - Table only!,"88,000",
UnKonscious Festival 2024,Alexa Beach club,https://www.ticketmelon.com/unkonscious/unk24,2024-01-30,2024-02-04,VVIP Beach Deck #L4 (2 Days) - Table only!,"88,000",2023-12-16
UnKonscious Festival 2024,Alexa Beach club,https://www.ticketmelon.com/unkonscious/unk24,2024-01-30,2024-02-04,VVIP Island (2 Days) - Table only!,"120,000",
UnKonscious Festival 2024,Alexa Beach club,https://www.ticketmelon.com/unkonscious/unk24,2024-01-30,2024-02-04,Standard Room (Check-in 1st Feb) - Room only!,"5,200",
UnKonscious Festival 2024,Alexa Beach club,https://www.ticketmelon.com/unkonscious/unk24,2024-01-30,2024-02-04,Superior Room (Check-in 1st Feb) - Room only!,"5,700",
UnKonscious Festival 2024,Alexa Beach club,https://www.ticketmelon.com/unkonscious/unk24,2024-01-30,2024-02-04,Superior Triple Room (Check-in 1st Feb) - Room only!,"6,600",
UnKonscious Festival 2024,Alexa Beach club,https://www.ticketmelon.com/unkonscious/unk24,2024-01-30,2024-02-04,Deluxe Room (Check-in 1st Feb) - Room only!,"7,200",
UnKonscious Festival 2024,Alexa Beach club,https://www.ticketmelon.com/unkonscious/unk24,2024-01-30,2024-02-04,Garden Villa (Check-in 1st Feb) - Room only!,"7,200",
UnKonscious Festival 2024,Alexa Beach club,https://www.ticketmelon.com/unkonscious/unk24,2024-01-30,2024-02-04,Deluxe Seaview Room (Check-in 1st Feb) - Room only!,"7,800",2023-12-16
UnKonscious Festival 2024,Alexa Beach club,https://www.ticketmelon.com/unkonscious/unk24,2024-01-30,2024-02-04,Pool Access Villa (Check-in 1st Feb) - Room only!,"7,900",2023-12-16
UnKonscious Festival 2024,Alexa Beach club,https://www.ticketmelon.com/unkonscious/unk24,2024-01-30,2024-02-04,6-Day Festival Pass,"10,000",
UnKonscious Festival 2024,Alexa Beach club,https://www.ticketmelon.com/unkonscious/unk24,2024-01-30,2024-02-04,Pre-party: GA,"1,300",
UnKonscious Festival 2024,Alexa Beach club,https://www.ticketmelon.com/unkonscious/unk24,2024-01-30,2024-02-04,UNK24: Single Day Pass - 1 Feb 2024,"2,000",
UnKonscious Festival 2024,Alexa Beach club,https://www.ticketmelon.com/unkonscious/unk24,2024-01-30,2024-02-04,UNK24: Single Day Pass - 2 Feb 2024,"2,000",
UnKonscious Festival 2024,Alexa Beach club,https://www.ticketmelon.com/unkonscious/unk24,2024-01-30,2024-02-04,UNK24: GA,"3,600",
UnKonscious Festival 2024,Alexa Beach club,https://www.ticketmelon.com/unkonscious/unk24,2024-01-30,2024-02-04,"UNK24: FRIENDSHIP PACK - Buy 6, Get 1 Free","3,085",
UnKonscious Festival 2024,Alexa Beach club,https://www.ticketmelon.com/unkonscious/unk24,2024-01-30,2024-02-04,VIP Cabana (2 Days) - Table only!,"29,800",
UnKonscious Festival 2024,Alexa Beach club,https://www.ticketmelon.com/unkonscious/unk24,2024-01-30,2024-02-04,VIP Double Booth (2 Days) - Table only!,"39,900",2023-12-16
UnKonscious Festival 2024,Alexa Beach club,https://www.ticketmelon.com/unkonscious/unk24,2024-01-30,2024-02-04,VIP Sofa Bed (2 Days) - Table only!,"45,800",
UnKonscious Festival 2024,Alexa Beach club,https://www.ticketmelon.com/unkonscious/unk24,2024-01-30,2024-02-04,VVIP Beach Deck #L1 (2 Days) - Table only!,"88,000",
UnKonscious Festival 2024,Alexa Beach club,https://www.ticketmelon.com/unkonscious/unk24,2024-01-30,2024-02-04,VVIP Beach Deck #L2 (2 Days) - Table only!,"88,000",
UnKonscious Festival 2024,Alexa Beach club,https://www.ticketmelon.com/unkonscious/unk24,2024-01-30,2024-02-04,VVIP Beach Deck #L3 (2 Days) - Table only!,"88,000",
UnKonscious Festival 2024,Alexa Beach club,https://www.ticketmelon.com/unkonscious/unk24,2024-01-30,2024-02-04,VVIP Beach Deck #L4 (2 Days) - Table only!,"88,000",2023-12-16
UnKonscious Festival 2024,Alexa Beach club,https://www.ticketmelon.com/unkonscious/unk24,2024-01-30,2024-02-04,VVIP Island (2 Days) - Table only!,"120,000",
UnKonscious Festival 2024,Alexa Beach club,https://www.ticketmelon.com/unkonscious/unk24,2024-01-30,2024-02-04,Standard Room (Check-in 1st Feb) - Room only!,"5,200",
UnKonscious Festival 2024,Alexa Beach club,https://www.ticketmelon.com/unkonscious/unk24,2024-01-30,2024-02-04,Superior Room (Check-in 1st Feb) - Room only!,"5,700",
UnKonscious Festival 2024,Alexa Beach club,https://www.ticketmelon.com/unkonscious/unk24,2024-01-30,2024-02-04,Superior Triple Room (Check-in 1st Feb) - Room only!,"6,600",
UnKonscious Festival 2024,Alexa Beach club,https://www.ticketmelon.com/unkonscious/unk24,2024-01-30,2024-02-04,Deluxe Room (Check-in 1st Feb) - Room only!,"7,200",
UnKonscious Festival 2024,Alexa Beach club,https://www.ticketmelon.com/unkonscious/unk24,2024-01-30,2024-02-04,Garden Villa (Check-in 1st Feb) - Room only!,"7,200",
UnKonscious Festival 2024,Alexa Beach club,https://www.ticketmelon.com/unkonscious/unk24,2024-01-30,2024-02-04,Deluxe Seaview Room (Check-in 1st Feb) - Room only!,"7,800",2023-12-16
UnKonscious Festival 2024,Alexa Beach club,https://www.ticketmelon.com/unkonscious/unk24,2024-01-30,2024-02-04,Pool Access Villa (Check-in 1st Feb) - Room only!,"7,900",2023-12-16
DOMI & JD BECK LIVE IN BANGKOK,Lido Connect,https://www.ticketmelon.com/viji/domijdbeck,2024-01-31,2024-01-31,General Admission,"2,400",
Jumpstart Festival ,Sepang International Circuit,https://www.ticketmelon.com/haaziqmediagroup/jumpstart-festival,2024-02-02,2024-02-03,GA ADMISSION ( 2 DAYS PASS ) - EARLY JUMPERS,99,2023-12-16
Jumpstart Festival ,Sepang International Circuit,https://www.ticketmelon.com/haaziqmediagroup/jumpstart-festival,2024-02-02,2024-02-03,GA ADMISSION ( 2 DAYS PASS ) - PHASE 1,250,
Jumpstart Festival ,Sepang International Circuit,https://www.ticketmelon.com/haaziqmediagroup/jumpstart-festival,2024-02-02,2024-02-03,VIP ADMISSION ( 2 DAYS PASS ) - EARLY JUMPERS,299,2023-12-16
Jumpstart Festival ,Sepang International Circuit,https://www.ticketmelon.com/haaziqmediagroup/jumpstart-festival,2024-02-02,2024-02-03,VIP ADMISSION ( 2 DAYS PASS ) - PHASE 1,450,
Mystic Valley 2024,Mountain Creek Golf Resort,https://www.ticketmelon.com/mysticvalley/mysticvalley2024,2024-02-02,2024-02-04,GA Ticket (3-day Pass),"1,999",
Mystic Valley 2024,Mountain Creek Golf Resort,https://www.ticketmelon.com/mysticvalley/mysticvalley2024,2024-02-02,2024-02-04,VIP Ticket (3-day Pass),"3,599",
Mystic Valley 2024,Mountain Creek Golf Resort,https://www.ticketmelon.com/mysticvalley/mysticvalley2024,2024-02-02,2024-02-04,GA Ticket (3-day Pass),"1,999",
Mystic Valley 2024,Mountain Creek Golf Resort,https://www.ticketmelon.com/mysticvalley/mysticvalley2024,2024-02-02,2024-02-04,VIP Ticket (3-day Pass),"3,599",
‡∏ã‡∏¥‡∏ï‡∏™‡∏ñ‡∏≤‡∏ô 3 FEB,sermsuk warehouse,https://www.ticketmelon.com/sitdownplayland/01b118d482e411ee943101117567899b,2024-02-03,2024-02-03,‡∏ã‡∏¥‡∏ï‡∏™‡∏ñ‡∏≤‡∏ô 3 FEB One day pass (Early Bird),350,
‡∏ã‡∏¥‡∏ï‡∏™‡∏ñ‡∏≤‡∏ô 3 FEB,sermsuk warehouse,https://www.ticketmelon.com/sitdownplayland/01b118d482e411ee943101117567899b,2024-02-03,2024-02-03,‡∏ã‡∏¥‡∏ï‡∏™‡∏ñ‡∏≤‡∏ô 3 FEB One day pass (Regular),700,
BEER! A LOVE STORY Screening at theCOMMONS' Sunset Film Club,theCOMMONS Thonglor,https://www.ticketmelon.com/thecommonsthonglor/sunset-film-club-feb-3,2024-02-03,2024-02-03,Ticket + Poppa's Popcorn & Drink,350,
COMEEARS PRESENT TENDRE LIVE IN BANGKOK,Lido Connect ,https://www.ticketmelon.com/comeearsbkk/tendre-liveinbangkok-comeearsbkk,2024-02-03,2024-02-03,Early TICKET,"1,800",
COMEEARS PRESENT TENDRE LIVE IN BANGKOK,Lido Connect ,https://www.ticketmelon.com/comeearsbkk/tendre-liveinbangkok-comeearsbkk,2024-02-03,2024-02-03,Regular Ticket,"2,000",
COMEEARS PRESENT TENDRE LIVE IN BANGKOK,Lido Connect ,https://www.ticketmelon.com/comeearsbkk/tendre-liveinbangkok-comeearsbkk,2024-02-03,2024-02-03,STUDENT TICKET,"1,500",
COMEEARS PRESENT TENDRE LIVE IN BANGKOK,Lido Connect ,https://www.ticketmelon.com/comeearsbkk/tendre-liveinbangkok-comeearsbkk,2024-02-03,2024-02-03,Student Gang,"1,250",
UnKonscious Knock Out,New Lumpinee Boxing Stadium,https://www.ticketmelon.com/ppe/unk24knockout,2024-02-03,2024-02-04,Knock Out: Super Early Bird,"2,000",2023-12-16
UnKonscious Knock Out,New Lumpinee Boxing Stadium,https://www.ticketmelon.com/ppe/unk24knockout,2024-02-03,2024-02-04,Knock Out: Early Bird,"2,300",
UnKonscious Knock Out,New Lumpinee Boxing Stadium,https://www.ticketmelon.com/ppe/unk24knockout,2024-02-03,2024-02-04,Knock Out: GA,"2,700",
UnKonscious Knock Out,New Lumpinee Boxing Stadium,https://www.ticketmelon.com/ppe/unk24knockout,2024-02-03,2024-02-04,UNK After-party: GA,"1,000",
UnKonscious Knock Out,New Lumpinee Boxing Stadium,https://www.ticketmelon.com/ppe/unk24knockout,2024-02-03,2024-02-04,VVIP Table #1 - Includes 6 tickets,"90,000",
UnKonscious Knock Out,New Lumpinee Boxing Stadium,https://www.ticketmelon.com/ppe/unk24knockout,2024-02-03,2024-02-04,VVIP Table #2 - Includes 6 tickets,"90,000",
UnKonscious Knock Out,New Lumpinee Boxing Stadium,https://www.ticketmelon.com/ppe/unk24knockout,2024-02-03,2024-02-04,VVIP Table #3 - Includes 6 tickets,"90,000",
UnKonscious Knock Out,New Lumpinee Boxing Stadium,https://www.ticketmelon.com/ppe/unk24knockout,2024-02-03,2024-02-04,VVIP Table #4 - Includes 6 tickets,"90,000",
UnKonscious Knock Out,New Lumpinee Boxing Stadium,https://www.ticketmelon.com/ppe/unk24knockout,2024-02-03,2024-02-04,VVIP Table #5 - Includes 6 tickets,"90,000",
UnKonscious Knock Out,New Lumpinee Boxing Stadium,https://www.ticketmelon.com/ppe/unk24knockout,2024-02-03,2024-02-04,VVIP Table #6 - Includes 6 tickets,"90,000",
UnKonscious Knock Out,New Lumpinee Boxing Stadium,https://www.ticketmelon.com/ppe/unk24knockout,2024-02-03,2024-02-04,VVIP Table #7 - Includes 6 tickets,"90,000",
SENSE Psychedelic Gathering 2024,koh taen,https://www.ticketmelon.com/sense/sense-psychedelic-gathering-2024,2024-02-03,2024-02-06,Early bird ticket,"3,100",
‡∏ã‡∏¥‡∏ï‡∏™‡∏ñ‡∏≤‡∏ô 4 FEB,sermsuk warehouse,https://www.ticketmelon.com/sitdownplayland/bf12fc1d82e511ee923401117567899b,2024-02-04,2024-02-04,‡∏ã‡∏¥‡∏ï‡∏™‡∏ñ‡∏≤‡∏ô 4 FEB One day pass (Early Bird),350,
‡∏ã‡∏¥‡∏ï‡∏™‡∏ñ‡∏≤‡∏ô 4 FEB,sermsuk warehouse,https://www.ticketmelon.com/sitdownplayland/bf12fc1d82e511ee923401117567899b,2024-02-04,2024-02-04,‡∏ã‡∏¥‡∏ï‡∏™‡∏ñ‡∏≤‡∏ô 4 FEB One day pass (Regular),700,
Klash of the titans : Kreator and In flames live in Bangkok,The street ‡∏£‡∏±‡∏ä‡∏î‡∏≤,https://www.ticketmelon.com/witchhunterthailand/klash-of-the-titans,2024-02-07,2024-02-07,Early bird Phase 1,"2,900",
Klash of the titans : Kreator and In flames live in Bangkok,The street ‡∏£‡∏±‡∏ä‡∏î‡∏≤,https://www.ticketmelon.com/witchhunterthailand/klash-of-the-titans,2024-02-07,2024-02-07,Early bird Phase 2 (Only 200 ticket),"3,100",
Klash of the titans : Kreator and In flames live in Bangkok,The street ‡∏£‡∏±‡∏ä‡∏î‡∏≤,https://www.ticketmelon.com/witchhunterthailand/klash-of-the-titans,2024-02-07,2024-02-07,Normal ticket,"3,500",
Klash of the titans : Kreator and In flames live in Bangkok,The street ‡∏£‡∏±‡∏ä‡∏î‡∏≤,https://www.ticketmelon.com/witchhunterthailand/klash-of-the-titans,2024-02-07,2024-02-07,At door,"3,900",
STICK TO YOUR GUNS Live in Bangkok 09.02.2024,MR.FOX LIVEHOUSE,https://www.ticketmelon.com/holdingonrecords/stygbangkok,2024-02-09,2024-02-09,Early Bird Ticket,"1,200",
STICK TO YOUR GUNS Live in Bangkok 09.02.2024,MR.FOX LIVEHOUSE,https://www.ticketmelon.com/holdingonrecords/stygbangkok,2024-02-09,2024-02-09,Pre-Sale Ticket,"1,400",
STICK TO YOUR GUNS Live in Bangkok 09.02.2024,MR.FOX LIVEHOUSE,https://www.ticketmelon.com/holdingonrecords/stygbangkok,2024-02-09,2024-02-09,Regular Ticket,"1,500",
SCRUBB LIVE IN MANILA,123 BLOCK MANDALA PARK,https://www.ticketmelon.com/gnn-entertainment-productions/scrubbliveinmnl,2024-02-10,2024-02-10,SVIP (Limited Quantity Only),"5,200",
SCRUBB LIVE IN MANILA,123 BLOCK MANDALA PARK,https://www.ticketmelon.com/gnn-entertainment-productions/scrubbliveinmnl,2024-02-10,2024-02-10,VIP (Limited Quantity Only),"3,200",
SCRUBB LIVE IN MANILA,123 BLOCK MANDALA PARK,https://www.ticketmelon.com/gnn-entertainment-productions/scrubbliveinmnl,2024-02-10,2024-02-10,GEN AD,"1,800",
BEFORE SUNRISE Screening at theCOMMONS' Sunset Film Club,theCOMMONS Thonglor,https://www.ticketmelon.com/thecommonsthonglor/sunset-film-club-feb-10,2024-02-10,2024-02-10,Ticket + Poppa's Popcorn & Drink,350,
‡πÄ‡∏ü‡∏µ‡πâ‡∏¢‡∏ß‡∏ï‡∏¥‡∏ß‡∏±‡∏• ‡∏ô‡∏Ñ‡∏£‡∏£‡∏≤‡∏ä‡∏™‡∏µ‡∏°‡∏≤,‡∏•‡∏≤‡∏ô‡∏´‡πâ‡∏≤‡∏á‡πÇ‡∏Å‡∏•‡∏ö‡∏≠‡∏•‡πÄ‡∏Æ‡πâ‡∏≤‡∏™‡πå,https://www.ticketmelon.com/fiewtival/fiewtival-korat-2024,2024-02-10,2024-02-10,‡∏ö‡∏±‡∏ï‡∏£ : 20 ‡∏õ‡∏µ,Free,
‡πÄ‡∏ü‡∏µ‡πâ‡∏¢‡∏ß‡∏ï‡∏¥‡∏ß‡∏±‡∏• ‡∏ô‡∏Ñ‡∏£‡∏£‡∏≤‡∏ä‡∏™‡∏µ‡∏°‡∏≤,‡∏•‡∏≤‡∏ô‡∏´‡πâ‡∏≤‡∏á‡πÇ‡∏Å‡∏•‡∏ö‡∏≠‡∏•‡πÄ‡∏Æ‡πâ‡∏≤‡∏™‡πå,https://www.ticketmelon.com/fiewtival/fiewtival-korat-2024,2024-02-10,2024-02-10,‡∏ö‡∏±‡∏ï‡∏£ : 21 ‡∏õ‡∏µ‡∏Ç‡∏∂‡πâ‡∏ô‡πÑ‡∏õ,199,
‡πÄ‡∏ü‡∏µ‡πâ‡∏¢‡∏ß‡∏ï‡∏¥‡∏ß‡∏±‡∏• ‡∏ô‡∏Ñ‡∏£‡∏£‡∏≤‡∏ä‡∏™‡∏µ‡∏°‡∏≤,‡∏•‡∏≤‡∏ô‡∏´‡πâ‡∏≤‡∏á‡πÇ‡∏Å‡∏•‡∏ö‡∏≠‡∏•‡πÄ‡∏Æ‡πâ‡∏≤‡∏™‡πå,https://www.ticketmelon.com/fiewtival/fiewtival-korat-2024,2024-02-10,2024-02-10,‡∏ö‡∏±‡∏ï‡∏£ : 21 ‡∏õ‡∏µ‡∏Ç‡∏∂‡πâ‡∏ô‡πÑ‡∏õ (‡∏°‡∏≤ 4 ‡∏à‡πà‡∏≤‡∏¢ 3 : ‡∏£‡∏≤‡∏Ñ‡∏≤ 597 ‡∏ö‡∏≤‡∏ó),149,
Leaf & Rhyme II,Baimai Activity Space,https://www.ticketmelon.com/leaf-and-rhyme/baimai2,2024-02-10,2024-02-11,Regular Ticket,990,
Leaf & Rhyme II,Baimai Activity Space,https://www.ticketmelon.com/leaf-and-rhyme/baimai2,2024-02-10,2024-02-11,Couple Ticket(2),"1,800",
Leaf & Rhyme II,Baimai Activity Space,https://www.ticketmelon.com/leaf-and-rhyme/baimai2,2024-02-10,2024-02-11,Friends Group(4),"3,200",
Leaf & Rhyme II,Baimai Activity Space,https://www.ticketmelon.com/leaf-and-rhyme/baimai2,2024-02-10,2024-02-11,‡∏û‡∏∑‡πâ‡∏ô‡∏ó‡∏µ‡πà‡∏Å‡∏≤‡∏á‡πÄ‡∏ï‡πâ‡∏ô‡∏ó‡πå,200,
Leaf & Rhyme II,Baimai Activity Space,https://www.ticketmelon.com/leaf-and-rhyme/baimai2,2024-02-10,2024-02-11,Poster Leaf&Rhyme II (A3),100,
NOTTING HILL Screening at theCOMMONS' Sunset Film Club,theCOMMONS Thonglor,https://www.ticketmelon.com/thecommonsthonglor/sunset-film-club-feb-14,2024-02-14,2024-02-14,Ticket + Poppa's Popcorn & Drink,350,
‡πÄ‡∏ü‡∏µ‡πâ‡∏¢‡∏ß‡∏ï‡∏¥‡∏ß‡∏±‡∏• ‡∏™‡∏á‡∏Ç‡∏•‡∏≤,‡πÇ‡∏£‡∏á‡πÄ‡∏£‡∏µ‡∏¢‡∏ô‡∏™‡∏≠‡∏ô‡∏Ç‡∏±‡∏ö‡∏£‡∏ñ ‡∏´‡∏≤‡∏î‡πÉ‡∏´‡∏ç‡πà‡∏Ñ‡∏≤‡∏£‡πå‡πÄ‡∏ó‡∏£‡∏ô‡πÄ‡∏ô‡∏≠‡∏£‡πå,https://www.ticketmelon.com/fiewtival/fiewtival-songkla-2024,2024-02-17,2024-02-17,‡∏ö‡∏±‡∏ï‡∏£ : 20 ‡∏õ‡∏µ,Free,
‡πÄ‡∏ü‡∏µ‡πâ‡∏¢‡∏ß‡∏ï‡∏¥‡∏ß‡∏±‡∏• ‡∏™‡∏á‡∏Ç‡∏•‡∏≤,‡πÇ‡∏£‡∏á‡πÄ‡∏£‡∏µ‡∏¢‡∏ô‡∏™‡∏≠‡∏ô‡∏Ç‡∏±‡∏ö‡∏£‡∏ñ ‡∏´‡∏≤‡∏î‡πÉ‡∏´‡∏ç‡πà‡∏Ñ‡∏≤‡∏£‡πå‡πÄ‡∏ó‡∏£‡∏ô‡πÄ‡∏ô‡∏≠‡∏£‡πå,https://www.ticketmelon.com/fiewtival/fiewtival-songkla-2024,2024-02-17,2024-02-17,‡∏ö‡∏±‡∏ï‡∏£ : 21 ‡∏õ‡∏µ‡∏Ç‡∏∂‡πâ‡∏ô‡πÑ‡∏õ,199,
‡πÄ‡∏ü‡∏µ‡πâ‡∏¢‡∏ß‡∏ï‡∏¥‡∏ß‡∏±‡∏• ‡∏™‡∏á‡∏Ç‡∏•‡∏≤,‡πÇ‡∏£‡∏á‡πÄ‡∏£‡∏µ‡∏¢‡∏ô‡∏™‡∏≠‡∏ô‡∏Ç‡∏±‡∏ö‡∏£‡∏ñ ‡∏´‡∏≤‡∏î‡πÉ‡∏´‡∏ç‡πà‡∏Ñ‡∏≤‡∏£‡πå‡πÄ‡∏ó‡∏£‡∏ô‡πÄ‡∏ô‡∏≠‡∏£‡πå,https://www.ticketmelon.com/fiewtival/fiewtival-songkla-2024,2024-02-17,2024-02-17,‡∏ö‡∏±‡∏ï‡∏£ : 21 ‡∏õ‡∏µ‡∏Ç‡∏∂‡πâ‡∏ô‡πÑ‡∏õ (‡∏°‡∏≤ 4 ‡∏à‡πà‡∏≤‡∏¢ 3 : ‡∏£‡∏≤‡∏Ñ‡∏≤ 597 ‡∏ö‡∏≤‡∏ó),149,
THE MODERN NOSTALGIA TOUR : LIVE IN BANGKOK,BCC Hall ‡πÄ‡∏ã‡πá‡∏ô‡∏ó‡∏£‡∏±‡∏• ‡∏•‡∏≤‡∏î‡∏û‡∏£‡πâ‡∏≤‡∏ß,https://www.ticketmelon.com/very/themodernnostangia,2024-02-20,2024-02-20,General Ticket,"2,600",
An Evening With James Bond 007,FCCThai Clubhouse,https://www.ticketmelon.com/fccthai/an-evening-with-james-bond-007,2024-02-23,2024-02-23,An Evening With James Bond 007,350,
An Evening With James Bond 007,FCCThai Clubhouse,https://www.ticketmelon.com/fccthai/an-evening-with-james-bond-007,2024-02-23,2024-02-23,An Evening With James Bond 007,450,
An Evening With James Bond 007,FCCThai Clubhouse,https://www.ticketmelon.com/fccthai/an-evening-with-james-bond-007,2024-02-23,2024-02-23,An Evening With James Bond 007,150,
NOVO AMOR Live In Bangkok 2024,Lido Connect,https://www.ticketmelon.com/giantstepsth/novo-amor-bkk-2024,2024-02-29,2024-02-29,Early Bird Ticket,"1,500",Sales Ended
NOVO AMOR Live In Bangkok 2024,Lido Connect,https://www.ticketmelon.com/giantstepsth/novo-amor-bkk-2024,2024-02-29,2024-02-29,Regular Ticket,"1,900",
Subculture Thailand 2024¬†-¬†Weekender,Bangkok,https://www.ticketmelon.com/tltxevo/subculturethailand24,2024-03-01,2024-03-03,,,
Subculture Thailand 2024¬†-¬†Weekender,Bangkok,https://www.ticketmelon.com/tltxevo/subculturethailand24,2024-03-01,2024-03-03,,,
SUPALAPA Festival,"Resorts World Awana, Genting Highlands, Malaysia",https://www.ticketmelon.com/supalapa/supalapafestival,2024-03-02,2024-03-03,,,
‡πÄ‡∏ü‡∏µ‡πâ‡∏¢‡∏ß‡∏ï‡∏¥‡∏ß‡∏±‡∏• ‡∏ä‡∏•‡∏ö‡∏∏‡∏£‡∏µ,‡∏ï‡∏•‡∏≤‡∏î‡∏ô‡∏±‡∏î‡∏à‡∏ï‡∏∏‡∏à‡∏±‡∏Å‡∏ä‡∏•‡∏ö‡∏∏‡∏£‡∏µ,https://www.ticketmelon.com/fiewtival/fiewtival-chonburi-2024,2024-03-09,2024-03-09,‡∏ö‡∏±‡∏ï‡∏£ : 20 ‡∏õ‡∏µ,Free,
‡πÄ‡∏ü‡∏µ‡πâ‡∏¢‡∏ß‡∏ï‡∏¥‡∏ß‡∏±‡∏• ‡∏ä‡∏•‡∏ö‡∏∏‡∏£‡∏µ,‡∏ï‡∏•‡∏≤‡∏î‡∏ô‡∏±‡∏î‡∏à‡∏ï‡∏∏‡∏à‡∏±‡∏Å‡∏ä‡∏•‡∏ö‡∏∏‡∏£‡∏µ,https://www.ticketmelon.com/fiewtival/fiewtival-chonburi-2024,2024-03-09,2024-03-09,‡∏ö‡∏±‡∏ï‡∏£ : 21 ‡∏õ‡∏µ‡∏Ç‡∏∂‡πâ‡∏ô‡πÑ‡∏õ,199,
‡πÄ‡∏ü‡∏µ‡πâ‡∏¢‡∏ß‡∏ï‡∏¥‡∏ß‡∏±‡∏• ‡∏ä‡∏•‡∏ö‡∏∏‡∏£‡∏µ,‡∏ï‡∏•‡∏≤‡∏î‡∏ô‡∏±‡∏î‡∏à‡∏ï‡∏∏‡∏à‡∏±‡∏Å‡∏ä‡∏•‡∏ö‡∏∏‡∏£‡∏µ,https://www.ticketmelon.com/fiewtival/fiewtival-chonburi-2024,2024-03-09,2024-03-09,‡∏ö‡∏±‡∏ï‡∏£ : 21 ‡∏õ‡∏µ‡∏Ç‡∏∂‡πâ‡∏ô‡πÑ‡∏õ(‡∏°‡∏≤ 4 ‡∏à‡πà‡∏≤‡∏¢ 3 : ‡∏£‡∏≤‡∏Ñ‡∏≤ 597 ‡∏ö‡∏≤‡∏ó),149,
Citizen Live In Bangkok 2024,Mr.fox,https://www.ticketmelon.com/loudlyprefer/citizenliveinbangkok,2024-03-10,2024-03-10,"Early Bird 2,000 THB","2,000",
Citizen Live In Bangkok 2024,Mr.fox,https://www.ticketmelon.com/loudlyprefer/citizenliveinbangkok,2024-03-10,2024-03-10,"Pre-sale 2,400 THB","2,400",
Citizen Live In Bangkok 2024,Mr.fox,https://www.ticketmelon.com/loudlyprefer/citizenliveinbangkok,2024-03-10,2024-03-10,"At Door 2,800 THB","2,800",
SLASH featuring Myles Kennedy Live in Bangkok,CENTERPOINT STUDIO,https://www.ticketmelon.com/pmg/slash15march2024,2024-03-15,2024-03-15,"Early Bird Zone A 3,200 Baht","3,200",Sales Ended
SLASH featuring Myles Kennedy Live in Bangkok,CENTERPOINT STUDIO,https://www.ticketmelon.com/pmg/slash15march2024,2024-03-15,2024-03-15,"Early Bird Zone B 2,200 Baht","2,200",Sales Ended
SLASH featuring Myles Kennedy Live in Bangkok,CENTERPOINT STUDIO,https://www.ticketmelon.com/pmg/slash15march2024,2024-03-15,2024-03-15,"VIP Early Bird  6,000 Baht","6,000",Sales Ended
SLASH featuring Myles Kennedy Live in Bangkok,CENTERPOINT STUDIO,https://www.ticketmelon.com/pmg/slash15march2024,2024-03-15,2024-03-15,"Regular Zone A 3,600 Baht","3,600",
SLASH featuring Myles Kennedy Live in Bangkok,CENTERPOINT STUDIO,https://www.ticketmelon.com/pmg/slash15march2024,2024-03-15,2024-03-15,"Regular Zone B 2,600 Baht","2,600",
SLASH featuring Myles Kennedy Live in Bangkok,CENTERPOINT STUDIO,https://www.ticketmelon.com/pmg/slash15march2024,2024-03-15,2024-03-15,"VIP Regular 6,800 Baht","6,800",
SLASH featuring Myles Kennedy Live in Bangkok,CENTERPOINT STUDIO,https://www.ticketmelon.com/pmg/slash15march2024,2024-03-15,2024-03-15,"Early Bird Zone A 3,200 Baht","3,200",Sales Ended
SLASH featuring Myles Kennedy Live in Bangkok,CENTERPOINT STUDIO,https://www.ticketmelon.com/pmg/slash15march2024,2024-03-15,2024-03-15,"Early Bird Zone B 2,200 Baht","2,200",Sales Ended
SLASH featuring Myles Kennedy Live in Bangkok,CENTERPOINT STUDIO,https://www.ticketmelon.com/pmg/slash15march2024,2024-03-15,2024-03-15,"VIP Early Bird  6,000 Baht","6,000",Sales Ended
SLASH featuring Myles Kennedy Live in Bangkok,CENTERPOINT STUDIO,https://www.ticketmelon.com/pmg/slash15march2024,2024-03-15,2024-03-15,"Regular Zone A 3,600 Baht","3,600",
SLASH featuring Myles Kennedy Live in Bangkok,CENTERPOINT STUDIO,https://www.ticketmelon.com/pmg/slash15march2024,2024-03-15,2024-03-15,"Regular Zone B 2,600 Baht","2,600",
SLASH featuring Myles Kennedy Live in Bangkok,CENTERPOINT STUDIO,https://www.ticketmelon.com/pmg/slash15march2024,2024-03-15,2024-03-15,"VIP Regular 6,800 Baht","6,800",
‡πÄ‡∏ü‡∏µ‡πâ‡∏¢‡∏ß‡∏ï‡∏¥‡∏ß‡∏±‡∏• ‡πÄ‡∏ä‡∏µ‡∏¢‡∏á‡πÉ‡∏´‡∏°‡πà,‡∏•‡∏≤‡∏ô‡∏°‡πà‡∏ß‡∏ô‡πÉ‡∏à‡πã 2 / ‡πÄ‡∏ã‡πá‡∏ô‡∏ó‡∏£‡∏±‡∏•‡πÄ‡∏ä‡∏µ‡∏¢‡∏á‡πÉ‡∏´‡∏°‡πà‡πÅ‡∏≠‡∏£‡πå‡∏û‡∏≠‡∏ï,https://www.ticketmelon.com/fiewtival/fiewtival-chiangmai-2024,2024-03-23,2024-03-23,‡∏ö‡∏±‡∏ï‡∏£ : 20 ‡∏õ‡∏µ,Free,
‡πÄ‡∏ü‡∏µ‡πâ‡∏¢‡∏ß‡∏ï‡∏¥‡∏ß‡∏±‡∏• ‡πÄ‡∏ä‡∏µ‡∏¢‡∏á‡πÉ‡∏´‡∏°‡πà,‡∏•‡∏≤‡∏ô‡∏°‡πà‡∏ß‡∏ô‡πÉ‡∏à‡πã 2 / ‡πÄ‡∏ã‡πá‡∏ô‡∏ó‡∏£‡∏±‡∏•‡πÄ‡∏ä‡∏µ‡∏¢‡∏á‡πÉ‡∏´‡∏°‡πà‡πÅ‡∏≠‡∏£‡πå‡∏û‡∏≠‡∏ï,https://www.ticketmelon.com/fiewtival/fiewtival-chiangmai-2024,2024-03-23,2024-03-23,‡∏ö‡∏±‡∏ï‡∏£ : 21 ‡∏õ‡∏µ‡∏Ç‡∏∂‡πâ‡∏ô‡πÑ‡∏õ,199,
‡πÄ‡∏ü‡∏µ‡πâ‡∏¢‡∏ß‡∏ï‡∏¥‡∏ß‡∏±‡∏• ‡πÄ‡∏ä‡∏µ‡∏¢‡∏á‡πÉ‡∏´‡∏°‡πà,‡∏•‡∏≤‡∏ô‡∏°‡πà‡∏ß‡∏ô‡πÉ‡∏à‡πã 2 / ‡πÄ‡∏ã‡πá‡∏ô‡∏ó‡∏£‡∏±‡∏•‡πÄ‡∏ä‡∏µ‡∏¢‡∏á‡πÉ‡∏´‡∏°‡πà‡πÅ‡∏≠‡∏£‡πå‡∏û‡∏≠‡∏ï,https://www.ticketmelon.com/fiewtival/fiewtival-chiangmai-2024,2024-03-23,2024-03-23,‡∏ö‡∏±‡∏ï‡∏£ : 21 ‡∏õ‡∏µ‡∏Ç‡∏∂‡πâ‡∏ô‡πÑ‡∏õ (‡∏°‡∏≤ 4 ‡∏à‡πà‡∏≤‡∏¢ 3 : ‡∏£‡∏≤‡∏Ñ‡∏≤ 597 ‡∏ö‡∏≤‡∏ó),149,
Southside Festival,Andamanda Phuket,https://www.ticketmelon.com/southsidepk/southsidefestival,2024-03-30,2024-03-30,,,
‡πÄ‡∏ü‡∏µ‡πâ‡∏¢‡∏ß‡∏ï‡∏¥‡∏ß‡∏±‡∏• ‡∏ô‡∏Ñ‡∏£‡∏õ‡∏ê‡∏°,‡∏ï‡∏•‡∏≤‡∏î‡∏ô‡∏±‡∏î‡πÄ‡∏Ñ‡∏£‡∏∑‡πà‡∏≠‡∏á‡∏ö‡∏¥‡∏ô ,https://www.ticketmelon.com/fiewtival/fiewtival-nakonpatom-2024,2024-03-30,2024-03-30,‡∏ö‡∏±‡∏ï‡∏£ : 20 ‡∏õ‡∏µ,Free,
‡πÄ‡∏ü‡∏µ‡πâ‡∏¢‡∏ß‡∏ï‡∏¥‡∏ß‡∏±‡∏• ‡∏ô‡∏Ñ‡∏£‡∏õ‡∏ê‡∏°,‡∏ï‡∏•‡∏≤‡∏î‡∏ô‡∏±‡∏î‡πÄ‡∏Ñ‡∏£‡∏∑‡πà‡∏≠‡∏á‡∏ö‡∏¥‡∏ô ,https://www.ticketmelon.com/fiewtival/fiewtival-nakonpatom-2024,2024-03-30,2024-03-30,‡∏ö‡∏±‡∏ï‡∏£ : 21 ‡∏õ‡∏µ‡∏Ç‡∏∂‡πâ‡∏ô‡πÑ‡∏õ,199,
‡πÄ‡∏ü‡∏µ‡πâ‡∏¢‡∏ß‡∏ï‡∏¥‡∏ß‡∏±‡∏• ‡∏ô‡∏Ñ‡∏£‡∏õ‡∏ê‡∏°,‡∏ï‡∏•‡∏≤‡∏î‡∏ô‡∏±‡∏î‡πÄ‡∏Ñ‡∏£‡∏∑‡πà‡∏≠‡∏á‡∏ö‡∏¥‡∏ô ,https://www.ticketmelon.com/fiewtival/fiewtival-nakonpatom-2024,2024-03-30,2024-03-30,‡∏ö‡∏±‡∏ï‡∏£ : 21 ‡∏õ‡∏µ‡∏Ç‡∏∂‡πâ‡∏ô‡πÑ‡∏õ (‡∏°‡∏≤ 4 ‡∏à‡πà‡∏≤‡∏¢ 3 : ‡∏£‡∏≤‡∏Ñ‡∏≤ 597 ‡∏ö‡∏≤‡∏ó),149,
Splash Pool Party,‡∏™‡∏ß‡∏ô‡∏ô‡πâ‡∏≥ The Mall Korat,https://www.ticketmelon.com/acreative/splashpoolparty,2024-04-13,2024-04-16,‚≠ê VIP 1-DAY/4 ‡∏ó‡∏µ‡πà‡∏ô‡∏±‡πà‡∏á,"2,500",
Splash Pool Party,‡∏™‡∏ß‡∏ô‡∏ô‡πâ‡∏≥ The Mall Korat,https://www.ticketmelon.com/acreative/splashpoolparty,2024-04-13,2024-04-16,‚≠ê VIP 1-DAY/4 ‡∏ó‡∏µ‡πà‡∏ô‡∏±‡πà‡∏á,"2,500",
Splash Pool Party,‡∏™‡∏ß‡∏ô‡∏ô‡πâ‡∏≥ The Mall Korat,https://www.ticketmelon.com/acreative/splashpoolparty,2024-04-13,2024-04-16,‚≠ê VIP 1-DAY/4 ‡∏ó‡∏µ‡πà‡∏ô‡∏±‡πà‡∏á,"2,500",
Splash Pool Party,‡∏™‡∏ß‡∏ô‡∏ô‡πâ‡∏≥ The Mall Korat,https://www.ticketmelon.com/acreative/splashpoolparty,2024-04-13,2024-04-16,‚≠ê VIP 1-DAY/4 ‡∏ó‡∏µ‡πà‡∏ô‡∏±‡πà‡∏á,"2,500",
Splash Pool Party,‡∏™‡∏ß‡∏ô‡∏ô‡πâ‡∏≥ The Mall Korat,https://www.ticketmelon.com/acreative/splashpoolparty,2024-04-13,2024-04-16,ü¶Ö Early Bird  4-DAY,850,
Splash Pool Party,‡∏™‡∏ß‡∏ô‡∏ô‡πâ‡∏≥ The Mall Korat,https://www.ticketmelon.com/acreative/splashpoolparty,2024-04-13,2024-04-16,üí¶ REGULAR 1-DAY,250,
Splash Pool Party,‡∏™‡∏ß‡∏ô‡∏ô‡πâ‡∏≥ The Mall Korat,https://www.ticketmelon.com/acreative/splashpoolparty,2024-04-13,2024-04-16,üí¶ REGULAR 1-DAY,250,
Splash Pool Party,‡∏™‡∏ß‡∏ô‡∏ô‡πâ‡∏≥ The Mall Korat,https://www.ticketmelon.com/acreative/splashpoolparty,2024-04-13,2024-04-16,üí¶ REGULAR 1-DAY,250,
Splash Pool Party,‡∏™‡∏ß‡∏ô‡∏ô‡πâ‡∏≥ The Mall Korat,https://www.ticketmelon.com/acreative/splashpoolparty,2024-04-13,2024-04-16,üí¶ REGULAR 1-DAY,250,
‡πÄ‡∏ü‡∏µ‡πâ‡∏¢‡∏ß‡∏ï‡∏¥‡∏ß‡∏±‡∏• ‡∏ö‡∏∏‡∏£‡∏µ‡∏£‡∏±‡∏°‡∏¢‡πå,‡∏™‡∏ô‡∏≤‡∏°‡∏ä‡πâ‡∏≤‡∏á‡∏≠‡∏≤‡∏£‡∏µ‡∏ô‡πà‡∏≤,https://www.ticketmelon.com/fiewtival/fiewtival-buriram-2024,2024-04-27,2024-04-27,‡∏ö‡∏±‡∏ï‡∏£ : 20 ‡∏õ‡∏µ,Free,
‡πÄ‡∏ü‡∏µ‡πâ‡∏¢‡∏ß‡∏ï‡∏¥‡∏ß‡∏±‡∏• ‡∏ö‡∏∏‡∏£‡∏µ‡∏£‡∏±‡∏°‡∏¢‡πå,‡∏™‡∏ô‡∏≤‡∏°‡∏ä‡πâ‡∏≤‡∏á‡∏≠‡∏≤‡∏£‡∏µ‡∏ô‡πà‡∏≤,https://www.ticketmelon.com/fiewtival/fiewtival-buriram-2024,2024-04-27,2024-04-27,‡∏ö‡∏±‡∏ï‡∏£ : 21 ‡∏õ‡∏µ‡∏Ç‡∏∂‡πâ‡∏ô‡πÑ‡∏õ,199,
‡πÄ‡∏ü‡∏µ‡πâ‡∏¢‡∏ß‡∏ï‡∏¥‡∏ß‡∏±‡∏• ‡∏ö‡∏∏‡∏£‡∏µ‡∏£‡∏±‡∏°‡∏¢‡πå,‡∏™‡∏ô‡∏≤‡∏°‡∏ä‡πâ‡∏≤‡∏á‡∏≠‡∏≤‡∏£‡∏µ‡∏ô‡πà‡∏≤,https://www.ticketmelon.com/fiewtival/fiewtival-buriram-2024,2024-04-27,2024-04-27,‡∏ö‡∏±‡∏ï‡∏£ : 21 ‡∏õ‡∏µ‡∏Ç‡∏∂‡πâ‡∏ô‡πÑ‡∏õ (‡∏°‡∏≤ 4 ‡∏à‡πà‡∏≤‡∏¢ 3 : ‡∏£‡∏≤‡∏Ñ‡∏≤ 597 ‡∏ö‡∏≤‡∏ó),149,
PONG 47 ‡∏õ‡∏µ Rock Never Dies,IMPACT ARENA ‡πÄ‡∏°‡∏∑‡∏≠‡∏á‡∏ó‡∏≠‡∏á‡∏ò‡∏≤‡∏ô‡∏µ,https://www.ticketmelon.com/classy-record/pong-47-rock-never-dies,2024-04-27,2024-04-27,"6000 [‡∏•‡∏î‡πÄ‡∏´‡∏•‡∏∑‡∏≠ 5,799]","5,799",
PONG 47 ‡∏õ‡∏µ Rock Never Dies,IMPACT ARENA ‡πÄ‡∏°‡∏∑‡∏≠‡∏á‡∏ó‡∏≠‡∏á‡∏ò‡∏≤‡∏ô‡∏µ,https://www.ticketmelon.com/classy-record/pong-47-rock-never-dies,2024-04-27,2024-04-27,"5,500 [‡∏•‡∏î‡πÄ‡∏´‡∏•‡∏∑‡∏≠ 5,299]","5,299",
PONG 47 ‡∏õ‡∏µ Rock Never Dies,IMPACT ARENA ‡πÄ‡∏°‡∏∑‡∏≠‡∏á‡∏ó‡∏≠‡∏á‡∏ò‡∏≤‡∏ô‡∏µ,https://www.ticketmelon.com/classy-record/pong-47-rock-never-dies,2024-04-27,2024-04-27,"4,000 [‡∏•‡∏î‡πÄ‡∏´‡∏•‡∏∑‡∏≠ 3,899]","3,899",
PONG 47 ‡∏õ‡∏µ Rock Never Dies,IMPACT ARENA ‡πÄ‡∏°‡∏∑‡∏≠‡∏á‡∏ó‡∏≠‡∏á‡∏ò‡∏≤‡∏ô‡∏µ,https://www.ticketmelon.com/classy-record/pong-47-rock-never-dies,2024-04-27,2024-04-27,"3,500 [‡∏•‡∏î‡πÄ‡∏´‡∏•‡∏∑‡∏≠ 3,399]","3,399",
PONG 47 ‡∏õ‡∏µ Rock Never Dies,IMPACT ARENA ‡πÄ‡∏°‡∏∑‡∏≠‡∏á‡∏ó‡∏≠‡∏á‡∏ò‡∏≤‡∏ô‡∏µ,https://www.ticketmelon.com/classy-record/pong-47-rock-never-dies,2024-04-27,2024-04-27,"3,000","3,000",
PONG 47 ‡∏õ‡∏µ Rock Never Dies,IMPACT ARENA ‡πÄ‡∏°‡∏∑‡∏≠‡∏á‡∏ó‡∏≠‡∏á‡∏ò‡∏≤‡∏ô‡∏µ,https://www.ticketmelon.com/classy-record/pong-47-rock-never-dies,2024-04-27,2024-04-27,"2,500","2,500",
PONG 47 ‡∏õ‡∏µ Rock Never Dies,IMPACT ARENA ‡πÄ‡∏°‡∏∑‡∏≠‡∏á‡∏ó‡∏≠‡∏á‡∏ò‡∏≤‡∏ô‡∏µ,https://www.ticketmelon.com/classy-record/pong-47-rock-never-dies,2024-04-27,2024-04-27,"1,500","1,500",
‡πÄ‡∏ü‡∏µ‡πâ‡∏¢‡∏ß‡∏ï‡∏¥‡∏ß‡∏±‡∏• ‡∏Ç‡∏≠‡∏ô‡πÅ‡∏Å‡πà‡∏ô,‡∏®‡∏π‡∏ô‡∏¢‡πå‡∏Ñ‡πâ‡∏≤‡∏™‡πà‡∏á‡∏≠‡∏π‡πâ‡∏ü‡∏π‡πà ,https://www.ticketmelon.com/fiewtival/fiewtival-konkaen-2024,2024-05-11,2024-05-11,‡∏ö‡∏±‡∏ï‡∏£ : 20 ‡∏õ‡∏µ,Free,
‡πÄ‡∏ü‡∏µ‡πâ‡∏¢‡∏ß‡∏ï‡∏¥‡∏ß‡∏±‡∏• ‡∏Ç‡∏≠‡∏ô‡πÅ‡∏Å‡πà‡∏ô,‡∏®‡∏π‡∏ô‡∏¢‡πå‡∏Ñ‡πâ‡∏≤‡∏™‡πà‡∏á‡∏≠‡∏π‡πâ‡∏ü‡∏π‡πà ,https://www.ticketmelon.com/fiewtival/fiewtival-konkaen-2024,2024-05-11,2024-05-11,‡∏ö‡∏±‡∏ï‡∏£ : 21 ‡∏õ‡∏µ‡∏Ç‡∏∂‡πâ‡∏ô‡πÑ‡∏õ,199,
‡πÄ‡∏ü‡∏µ‡πâ‡∏¢‡∏ß‡∏ï‡∏¥‡∏ß‡∏±‡∏• ‡∏Ç‡∏≠‡∏ô‡πÅ‡∏Å‡πà‡∏ô,‡∏®‡∏π‡∏ô‡∏¢‡πå‡∏Ñ‡πâ‡∏≤‡∏™‡πà‡∏á‡∏≠‡∏π‡πâ‡∏ü‡∏π‡πà ,https://www.ticketmelon.com/fiewtival/fiewtival-konkaen-2024,2024-05-11,2024-05-11,‡∏ö‡∏±‡∏ï‡∏£ : 21 ‡∏õ‡∏µ‡∏Ç‡∏∂‡πâ‡∏ô‡πÑ‡∏õ (‡∏°‡∏≤ 4 ‡∏à‡πà‡∏≤‡∏¢ 3 : ‡∏£‡∏≤‡∏Ñ‡∏≤ 597 ‡∏ö‡∏≤‡∏ó),149,
‡πÄ‡∏ü‡∏µ‡πâ‡∏¢‡∏ß‡∏ï‡∏¥‡∏ß‡∏±‡∏• ‡∏Å‡∏£‡∏∏‡∏á‡πÄ‡∏ó‡∏û‡∏Ø,‡∏•‡∏≤‡∏ô‡∏ï‡∏∞‡∏ß‡∏±‡∏ô‡∏ô‡∏≤ 2,https://www.ticketmelon.com/fiewtival/fiewtival-bangkok-2024,2024-05-19,2024-05-19,‡∏ö‡∏±‡∏ï‡∏£ : 20 ‡∏õ‡∏µ,Free,
‡πÄ‡∏ü‡∏µ‡πâ‡∏¢‡∏ß‡∏ï‡∏¥‡∏ß‡∏±‡∏• ‡∏Å‡∏£‡∏∏‡∏á‡πÄ‡∏ó‡∏û‡∏Ø,‡∏•‡∏≤‡∏ô‡∏ï‡∏∞‡∏ß‡∏±‡∏ô‡∏ô‡∏≤ 2,https://www.ticketmelon.com/fiewtival/fiewtival-bangkok-2024,2024-05-19,2024-05-19,‡∏ö‡∏±‡∏ï‡∏£ : 21 ‡∏õ‡∏µ‡∏Ç‡∏∂‡πâ‡∏ô‡πÑ‡∏õ,199,
‡πÄ‡∏ü‡∏µ‡πâ‡∏¢‡∏ß‡∏ï‡∏¥‡∏ß‡∏±‡∏• ‡∏Å‡∏£‡∏∏‡∏á‡πÄ‡∏ó‡∏û‡∏Ø,‡∏•‡∏≤‡∏ô‡∏ï‡∏∞‡∏ß‡∏±‡∏ô‡∏ô‡∏≤ 2,https://www.ticketmelon.com/fiewtival/fiewtival-bangkok-2024,2024-05-19,2024-05-19,‡∏ö‡∏±‡∏ï‡∏£ : 21 ‡∏õ‡∏µ‡∏Ç‡∏∂‡πâ‡∏ô‡πÑ‡∏õ (‡∏°‡∏≤ 4 ‡∏à‡πà‡∏≤‡∏¢ 3 : ‡∏£‡∏≤‡∏Ñ‡∏≤ 597 ‡∏ö‡∏≤‡∏ó),149,
